borsa,ticker,data,open,close,Giornaliero
S+ACY-P 500 (New York),SPY,02/01/2025,+ACI-589,39+ACI-,+ACI-584,64+ACI-,+ACI-+AC0-0,81+ACI-
S+ACY-P 500 (New York),SPY,03/01/2025,+ACI-587,53+ACI-,+ACI-591,95+ACI-,+ACI-0,75+ACI-
S+ACY-P 500 (New York),SPY,06/01/2025,+ACI-596,27+ACI-,+ACI-595,36+ACI-,+ACI-+AC0-0,15+ACI-
S+ACY-P 500 (New York),SPY,07/01/2025,+ACI-597,42+ACI-,+ACI-588,63+ACI-,+ACI-+AC0-1,47+ACI-
S+ACY-P 500 (New York),SPY,08/01/2025,+ACI-588,70+ACI-,+ACI-589,49+ACI-,+ACI-0,13+ACI-
S+ACY-P 500 (New York),SPY,10/01/2025,+ACI-585,88+ACI-,+ACI-580,49+ACI-,+ACI-+AC0-0,92+ACI-
S+ACY-P 500 (New York),SPY,13/01/2025,+ACI-575,77+ACI-,+ACI-581,39+ACI-,+ACI-0,98+ACI-
S+ACY-P 500 (New York),SPY,14/01/2025,+ACI-584,36+ACI-,+ACI-582,19+ACI-,+ACI-+AC0-0,37+ACI-
S+ACY-P 500 (New York),SPY,15/01/2025,+ACI-590,33+ACI-,+ACI-592,78+ACI-,+ACI-0,42+ACI-
S+ACY-P 500 (New York),SPY,16/01/2025,+ACI-594,17+ACI-,+ACI-591,64+ACI-,+ACI-+AC0-0,43+ACI-
S+ACY-P 500 (New York),SPY,17/01/2025,+ACI-596,96+ACI-,+ACI-597,58+ACI-,+ACI-0,10+ACI-
S+ACY-P 500 (New York),SPY,21/01/2025,+ACI-600,67+ACI-,+ACI-603,05+ACI-,+ACI-0,40+ACI-
S+ACY-P 500 (New York),SPY,22/01/2025,+ACI-605,92+ACI-,+ACI-606,44+ACI-,+ACI-0,09+ACI-
S+ACY-P 500 (New York),SPY,23/01/2025,+ACI-605,80+ACI-,+ACI-609,75+ACI-,+ACI-0,65+ACI-
S+ACY-P 500 (New York),SPY,24/01/2025,+ACI-609,81+ACI-,+ACI-607,97+ACI-,+ACI-+AC0-0,30+ACI-
S+ACY-P 500 (New York),SPY,27/01/2025,+ACI-594,81+ACI-,+ACI-599,37+ACI-,+ACI-0,77+ACI-
S+ACY-P 500 (New York),SPY,28/01/2025,+ACI-600,62+ACI-,+ACI-604,52+ACI-,+ACI-0,65+ACI-
S+ACY-P 500 (New York),SPY,29/01/2025,+ACI-603,72+ACI-,+ACI-601,81+ACI-,+ACI-+AC0-0,32+ACI-
S+ACY-P 500 (New York),SPY,30/01/2025,+ACI-603,96+ACI-,+ACI-605,04+ACI-,+ACI-0,18+ACI-
S+ACY-P 500 (New York),SPY,31/01/2025,+ACI-607,50+ACI-,+ACI-601,82+ACI-,+ACI-+AC0-0,93+ACI-
S+ACY-P 500 (New York),SPY,03/02/2025,+ACI-592,67+ACI-,+ACI-597,77+ACI-,+ACI-0,86+ACI-
S+ACY-P 500 (New York),SPY,04/02/2025,+ACI-597,83+ACI-,+ACI-601,78+ACI-,+ACI-0,66+ACI-
S+ACY-P 500 (New York),SPY,05/02/2025,+ACI-600,64+ACI-,+ACI-604,22+ACI-,+ACI-0,60+ACI-
S+ACY-P 500 (New York),SPY,06/02/2025,+ACI-605,99+ACI-,+ACI-606,32+ACI-,+ACI-0,05+ACI-
S+ACY-P 500 (New York),SPY,07/02/2025,+ACI-606,89+ACI-,+ACI-600,77+ACI-,+ACI-+AC0-1,01+ACI-
S+ACY-P 500 (New York),SPY,10/02/2025,+ACI-604,03+ACI-,+ACI-604,85+ACI-,+ACI-0,14+ACI-
S+ACY-P 500 (New York),SPY,11/02/2025,+ACI-602,55+ACI-,+ACI-605,31+ACI-,+ACI-0,46+ACI-
S+ACY-P 500 (New York),SPY,12/02/2025,+ACI-599,20+ACI-,+ACI-603,36+ACI-,+ACI-0,69+ACI-
S+ACY-P 500 (New York),SPY,13/02/2025,+ACI-604,48+ACI-,+ACI-609,73+ACI-,+ACI-0,87+ACI-
S+ACY-P 500 (New York),SPY,14/02/2025,+ACI-609,94+ACI-,+ACI-609,70+ACI-,+ACI-+AC0-0,04+ACI-
S+ACY-P 500 (New York),SPY,18/02/2025,+ACI-610,88+ACI-,+ACI-611,49+ACI-,+ACI-0,10+ACI-
S+ACY-P 500 (New York),SPY,19/02/2025,+ACI-610,08+ACI-,+ACI-612,93+ACI-,+ACI-0,47+ACI-
S+ACY-P 500 (New York),SPY,20/02/2025,+ACI-611,54+ACI-,+ACI-610,38+ACI-,+ACI-+AC0-0,19+ACI-
S+ACY-P 500 (New York),SPY,21/02/2025,+ACI-610,16+ACI-,+ACI-599,94+ACI-,+ACI-+AC0-1,67+ACI-
S+ACY-P 500 (New York),SPY,24/02/2025,+ACI-602,02+ACI-,+ACI-597,21+ACI-,+ACI-+AC0-0,80+ACI-
S+ACY-P 500 (New York),SPY,25/02/2025,+ACI-597,15+ACI-,+ACI-594,24+ACI-,+ACI-+AC0-0,49+ACI-
S+ACY-P 500 (New York),SPY,26/02/2025,+ACI-595,93+ACI-,+ACI-594,54+ACI-,+ACI-+AC0-0,23+ACI-
S+ACY-P 500 (New York),SPY,27/02/2025,+ACI-596,85+ACI-,+ACI-585,05+ACI-,+ACI-+AC0-1,98+ACI-
S+ACY-P 500 (New York),SPY,28/02/2025,+ACI-585,56+ACI-,+ACI-594,18+ACI-,+ACI-1,47+ACI-
S+ACY-P 500 (New York),SPY,03/03/2025,+ACI-596,18+ACI-,+ACI-583,77+ACI-,+ACI-+AC0-2,08+ACI-
S+ACY-P 500 (New York),SPY,04/03/2025,+ACI-579,71+ACI-,+ACI-576,86+ACI-,+ACI-+AC0-0,49+ACI-
S+ACY-P 500 (New York),SPY,05/03/2025,+ACI-576,69+ACI-,+ACI-583,06+ACI-,+ACI-1,10+ACI-
S+ACY-P 500 (New York),SPY,06/03/2025,+ACI-575,48+ACI-,+ACI-572,71+ACI-,+ACI-+AC0-0,48+ACI-
S+ACY-P 500 (New York),SPY,07/03/2025,+ACI-570,90+ACI-,+ACI-575,92+ACI-,+ACI-0,88+ACI-
S+ACY-P 500 (New York),SPY,10/03/2025,+ACI-567,59+ACI-,+ACI-560,58+ACI-,+ACI-+AC0-1,24+ACI-
S+ACY-P 500 (New York),SPY,11/03/2025,+ACI-559,40+ACI-,+ACI-555,92+ACI-,+ACI-+AC0-0,62+ACI-
S+ACY-P 500 (New York),SPY,12/03/2025,+ACI-562,17+ACI-,+ACI-558,87+ACI-,+ACI-+AC0-0,59+ACI-
S+ACY-P 500 (New York),SPY,13/03/2025,+ACI-558,49+ACI-,+ACI-551,42+ACI-,+ACI-+AC0-1,27+ACI-
S+ACY-P 500 (New York),SPY,14/03/2025,+ACI-556,11+ACI-,+ACI-562,81+ACI-,+ACI-1,20+ACI-
S+ACY-P 500 (New York),SPY,17/03/2025,+ACI-562,79+ACI-,+ACI-567,15+ACI-,+ACI-0,77+ACI-
S+ACY-P 500 (New York),SPY,18/03/2025,+ACI-564,80+ACI-,+ACI-561,02+ACI-,+ACI-+AC0-0,67+ACI-
S+ACY-P 500 (New York),SPY,19/03/2025,+ACI-562,83+ACI-,+ACI-567,13+ACI-,+ACI-0,76+ACI-
S+ACY-P 500 (New York),SPY,20/03/2025,+ACI-563,33+ACI-,+ACI-565,49+ACI-,+ACI-0,38+ACI-
S+ACY-P 500 (New York),SPY,21/03/2025,+ACI-559,28+ACI-,+ACI-563,98+ACI-,+ACI-0,84+ACI-
S+ACY-P 500 (New York),SPY,24/03/2025,+ACI-570,80+ACI-,+ACI-574,08+ACI-,+ACI-0,57+ACI-
S+ACY-P 500 (New York),SPY,25/03/2025,+ACI-575,30+ACI-,+ACI-575,46+ACI-,+ACI-0,03+ACI-
S+ACY-P 500 (New York),SPY,26/03/2025,+ACI-575,19+ACI-,+ACI-568,59+ACI-,+ACI-+AC0-1,15+ACI-
S+ACY-P 500 (New York),SPY,27/03/2025,+ACI-567,18+ACI-,+ACI-567,08+ACI-,+ACI-+AC0-0,02+ACI-
S+ACY-P 500 (New York),SPY,28/03/2025,+ACI-565,53+ACI-,+ACI-555,66+ACI-,+ACI-+AC0-1,75+ACI-
S+ACY-P 500 (New York),SPY,31/03/2025,+ACI-549,83+ACI-,+ACI-559,39+ACI-,+ACI-1,74+ACI-
S+ACY-P 500 (New York),SPY,01/04/2025,+ACI-557,45+ACI-,+ACI-560,97+ACI-,+ACI-0,63+ACI-
S+ACY-P 500 (New York),SPY,02/04/2025,+ACI-555,05+ACI-,+ACI-564,52+ACI-,+ACI-1,71+ACI-
S+ACY-P 500 (New York),SPY,03/04/2025,+ACI-545,11+ACI-,+ACI-536,70+ACI-,+ACI-+AC0-1,54+ACI-
S+ACY-P 500 (New York),SPY,04/04/2025,+ACI-523,67+ACI-,+ACI-505,28+ACI-,+ACI-+AC0-3,51+ACI-
FTSE MIB (Italia via ETF),EWI,02/01/2025,+ACI-35,78+ACI-,+ACI-35,55+ACI-,+ACI-+AC0-0,64+ACI-
FTSE MIB (Italia via ETF),EWI,03/01/2025,+ACI-35,73+ACI-,+ACI-35,67+ACI-,+ACI-+AC0-0,17+ACI-
FTSE MIB (Italia via ETF),EWI,06/01/2025,+ACI-36,21+ACI-,+ACI-36,33+ACI-,+ACI-0,33+ACI-
FTSE MIB (Italia via ETF),EWI,07/01/2025,+ACI-36,69+ACI-,+ACI-36,48+ACI-,+ACI-+AC0-0,57+ACI-
FTSE MIB (Italia via ETF),EWI,08/01/2025,+ACI-36,46+ACI-,+ACI-36,68+ACI-,+ACI-0,60+ACI-
FTSE MIB (Italia via ETF),EWI,10/01/2025,+ACI-36,83+ACI-,+ACI-36,50+ACI-,+ACI-+AC0-0,90+ACI-
FTSE MIB (Italia via ETF),EWI,13/01/2025,+ACI-35,93+ACI-,+ACI-36,20+ACI-,+ACI-0,75+ACI-
FTSE MIB (Italia via ETF),EWI,14/01/2025,+ACI-36,56+ACI-,+ACI-36,68+ACI-,+ACI-0,33+ACI-
FTSE MIB (Italia via ETF),EWI,15/01/2025,+ACI-37,22+ACI-,+ACI-37,25+ACI-,+ACI-0,08+ACI-
FTSE MIB (Italia via ETF),EWI,16/01/2025,+ACI-37,42+ACI-,+ACI-37,44+ACI-,+ACI-0,05+ACI-
FTSE MIB (Italia via ETF),EWI,17/01/2025,+ACI-37,71+ACI-,+ACI-37,77+ACI-,+ACI-0,16+ACI-
FTSE MIB (Italia via ETF),EWI,21/01/2025,+ACI-38,07+ACI-,+ACI-38,29+ACI-,+ACI-0,58+ACI-
FTSE MIB (Italia via ETF),EWI,22/01/2025,+ACI-38,10+ACI-,+ACI-37,87+ACI-,+ACI-+AC0-0,60+ACI-
FTSE MIB (Italia via ETF),EWI,23/01/2025,+ACI-38,18+ACI-,+ACI-38,40+ACI-,+ACI-0,58+ACI-
FTSE MIB (Italia via ETF),EWI,24/01/2025,+ACI-38,64+ACI-,+ACI-38,70+ACI-,+ACI-0,16+ACI-
FTSE MIB (Italia via ETF),EWI,27/01/2025,+ACI-38,73+ACI-,+ACI-38,86+ACI-,+ACI-0,34+ACI-
FTSE MIB (Italia via ETF),EWI,28/01/2025,+ACI-38,73+ACI-,+ACI-38,60+ACI-,+ACI-+AC0-0,34+ACI-
FTSE MIB (Italia via ETF),EWI,29/01/2025,+ACI-38,47+ACI-,+ACI-38,60+ACI-,+ACI-0,34+ACI-
FTSE MIB (Italia via ETF),EWI,30/01/2025,+ACI-38,92+ACI-,+ACI-38,83+ACI-,+ACI-+AC0-0,23+ACI-
FTSE MIB (Italia via ETF),EWI,31/01/2025,+ACI-38,72+ACI-,+ACI-38,55+ACI-,+ACI-+AC0-0,44+ACI-
FTSE MIB (Italia via ETF),EWI,03/02/2025,+ACI-37,86+ACI-,+ACI-38,03+ACI-,+ACI-0,45+ACI-
FTSE MIB (Italia via ETF),EWI,04/02/2025,+ACI-38,51+ACI-,+ACI-38,87+ACI-,+ACI-0,93+ACI-
FTSE MIB (Italia via ETF),EWI,05/02/2025,+ACI-38,95+ACI-,+ACI-39,00+ACI-,+ACI-0,13+ACI-
FTSE MIB (Italia via ETF),EWI,06/02/2025,+ACI-39,12+ACI-,+ACI-39,28+ACI-,+ACI-0,41+ACI-
FTSE MIB (Italia via ETF),EWI,07/02/2025,+ACI-39,25+ACI-,+ACI-38,93+ACI-,+ACI-+AC0-0,82+ACI-
FTSE MIB (Italia via ETF),EWI,10/02/2025,+ACI-39,01+ACI-,+ACI-39,20+ACI-,+ACI-0,49+ACI-
FTSE MIB (Italia via ETF),EWI,11/02/2025,+ACI-39,33+ACI-,+ACI-39,77+ACI-,+ACI-1,12+ACI-
FTSE MIB (Italia via ETF),EWI,12/02/2025,+ACI-39,67+ACI-,+ACI-39,95+ACI-,+ACI-0,71+ACI-
FTSE MIB (Italia via ETF),EWI,13/02/2025,+ACI-39,95+ACI-,+ACI-40,22+ACI-,+ACI-0,68+ACI-
FTSE MIB (Italia via ETF),EWI,14/02/2025,+ACI-40,63+ACI-,+ACI-40,59+ACI-,+ACI-+AC0-0,10+ACI-
FTSE MIB (Italia via ETF),EWI,18/02/2025,+ACI-41,01+ACI-,+ACI-41,09+ACI-,+ACI-0,20+ACI-
FTSE MIB (Italia via ETF),EWI,19/02/2025,+ACI-40,77+ACI-,+ACI-40,57+ACI-,+ACI-+AC0-0,49+ACI-
FTSE MIB (Italia via ETF),EWI,20/02/2025,+ACI-40,73+ACI-,+ACI-40,83+ACI-,+ACI-0,25+ACI-
FTSE MIB (Italia via ETF),EWI,21/02/2025,+ACI-40,83+ACI-,+ACI-40,60+ACI-,+ACI-+AC0-0,56+ACI-
FTSE MIB (Italia via ETF),EWI,24/02/2025,+ACI-40,88+ACI-,+ACI-40,79+ACI-,+ACI-+AC0-0,22+ACI-
FTSE MIB (Italia via ETF),EWI,25/02/2025,+ACI-41,44+ACI-,+ACI-41,47+ACI-,+ACI-0,07+ACI-
FTSE MIB (Italia via ETF),EWI,26/02/2025,+ACI-41,68+ACI-,+ACI-41,27+ACI-,+ACI-+AC0-0,98+ACI-
FTSE MIB (Italia via ETF),EWI,27/02/2025,+ACI-40,87+ACI-,+ACI-40,61+ACI-,+ACI-+AC0-0,64+ACI-
FTSE MIB (Italia via ETF),EWI,28/02/2025,+ACI-40,88+ACI-,+ACI-40,80+ACI-,+ACI-+AC0-0,20+ACI-
FTSE MIB (Italia via ETF),EWI,03/03/2025,+ACI-41,80+ACI-,+ACI-41,31+ACI-,+ACI-+AC0-1,17+ACI-
FTSE MIB (Italia via ETF),EWI,04/03/2025,+ACI-40,82+ACI-,+ACI-41,28+ACI-,+ACI-1,13+ACI-
FTSE MIB (Italia via ETF),EWI,05/03/2025,+ACI-42,10+ACI-,+ACI-42,69+ACI-,+ACI-1,40+ACI-
FTSE MIB (Italia via ETF),EWI,06/03/2025,+ACI-42,40+ACI-,+ACI-42,27+ACI-,+ACI-+AC0-0,31+ACI-
FTSE MIB (Italia via ETF),EWI,07/03/2025,+ACI-42,44+ACI-,+ACI-42,85+ACI-,+ACI-0,97+ACI-
FTSE MIB (Italia via ETF),EWI,10/03/2025,+ACI-42,35+ACI-,+ACI-42,15+ACI-,+ACI-+AC0-0,47+ACI-
FTSE MIB (Italia via ETF),EWI,11/03/2025,+ACI-42,32+ACI-,+ACI-42,27+ACI-,+ACI-+AC0-0,12+ACI-
FTSE MIB (Italia via ETF),EWI,12/03/2025,+ACI-42,48+ACI-,+ACI-42,50+ACI-,+ACI-0,05+ACI-
FTSE MIB (Italia via ETF),EWI,13/03/2025,+ACI-42,13+ACI-,+ACI-41,94+ACI-,+ACI-+AC0-0,45+ACI-
FTSE MIB (Italia via ETF),EWI,14/03/2025,+ACI-42,66+ACI-,+ACI-43,03+ACI-,+ACI-0,87+ACI-
FTSE MIB (Italia via ETF),EWI,17/03/2025,+ACI-43,12+ACI-,+ACI-43,53+ACI-,+ACI-0,95+ACI-
FTSE MIB (Italia via ETF),EWI,18/03/2025,+ACI-43,79+ACI-,+ACI-43,92+ACI-,+ACI-0,30+ACI-
FTSE MIB (Italia via ETF),EWI,19/03/2025,+ACI-43,74+ACI-,+ACI-43,99+ACI-,+ACI-0,57+ACI-
FTSE MIB (Italia via ETF),EWI,20/03/2025,+ACI-42,99+ACI-,+ACI-43,26+ACI-,+ACI-0,63+ACI-
FTSE MIB (Italia via ETF),EWI,21/03/2025,+ACI-42,90+ACI-,+ACI-42,95+ACI-,+ACI-0,12+ACI-
FTSE MIB (Italia via ETF),EWI,24/03/2025,+ACI-42,91+ACI-,+ACI-42,98+ACI-,+ACI-0,16+ACI-
FTSE MIB (Italia via ETF),EWI,25/03/2025,+ACI-43,36+ACI-,+ACI-43,42+ACI-,+ACI-0,14+ACI-
FTSE MIB (Italia via ETF),EWI,26/03/2025,+ACI-42,99+ACI-,+ACI-42,61+ACI-,+ACI-+AC0-0,88+ACI-
FTSE MIB (Italia via ETF),EWI,27/03/2025,+ACI-42,72+ACI-,+ACI-43,07+ACI-,+ACI-0,82+ACI-
FTSE MIB (Italia via ETF),EWI,28/03/2025,+ACI-42,98+ACI-,+ACI-42,80+ACI-,+ACI-+AC0-0,42+ACI-
FTSE MIB (Italia via ETF),EWI,31/03/2025,+ACI-42,10+ACI-,+ACI-42,32+ACI-,+ACI-0,52+ACI-
FTSE MIB (Italia via ETF),EWI,01/04/2025,+ACI-42,51+ACI-,+ACI-42,46+ACI-,+ACI-+AC0-0,12+ACI-
FTSE MIB (Italia via ETF),EWI,02/04/2025,+ACI-42,17+ACI-,+ACI-42,66+ACI-,+ACI-1,16+ACI-
FTSE MIB (Italia via ETF),EWI,03/04/2025,+ACI-42,47+ACI-,+ACI-41,77+ACI-,+ACI-+AC0-1,65+ACI-
FTSE MIB (Italia via ETF),EWI,04/04/2025,+ACI-39,61+ACI-,+ACI-38,49+ACI-,+ACI-+AC0-2,83+ACI-
Nikkei 225 (Giappone via ETF),EWJ,02/01/2025,+ACI-67,18+ACI-,+ACI-67,01+ACI-,+ACI-+AC0-0,25+ACI-
Nikkei 225 (Giappone via ETF),EWJ,03/01/2025,+ACI-66,83+ACI-,+ACI-67,28+ACI-,+ACI-0,67+ACI-
Nikkei 225 (Giappone via ETF),EWJ,06/01/2025,+ACI-67,43+ACI-,+ACI-67,43+ACI-,+ACI-0,00+ACI-
Nikkei 225 (Giappone via ETF),EWJ,07/01/2025,+ACI-67,88+ACI-,+ACI-67,27+ACI-,+ACI-+AC0-0,90+ACI-
Nikkei 225 (Giappone via ETF),EWJ,08/01/2025,+ACI-66,83+ACI-,+ACI-67,10+ACI-,+ACI-0,40+ACI-
Nikkei 225 (Giappone via ETF),EWJ,10/01/2025,+ACI-65,67+ACI-,+ACI-65,24+ACI-,+ACI-+AC0-0,65+ACI-
Nikkei 225 (Giappone via ETF),EWJ,13/01/2025,+ACI-64,69+ACI-,+ACI-65,42+ACI-,+ACI-1,13+ACI-
Nikkei 225 (Giappone via ETF),EWJ,14/01/2025,+ACI-65,19+ACI-,+ACI-65,29+ACI-,+ACI-0,15+ACI-
Nikkei 225 (Giappone via ETF),EWJ,15/01/2025,+ACI-66,29+ACI-,+ACI-66,27+ACI-,+ACI-+AC0-0,03+ACI-
Nikkei 225 (Giappone via ETF),EWJ,16/01/2025,+ACI-65,98+ACI-,+ACI-65,85+ACI-,+ACI-+AC0-0,20+ACI-
Nikkei 225 (Giappone via ETF),EWJ,17/01/2025,+ACI-66,08+ACI-,+ACI-66,18+ACI-,+ACI-0,15+ACI-
Nikkei 225 (Giappone via ETF),EWJ,21/01/2025,+ACI-67,09+ACI-,+ACI-67,33+ACI-,+ACI-0,36+ACI-
Nikkei 225 (Giappone via ETF),EWJ,22/01/2025,+ACI-67,47+ACI-,+ACI-67,25+ACI-,+ACI-+AC0-0,33+ACI-
Nikkei 225 (Giappone via ETF),EWJ,23/01/2025,+ACI-67,33+ACI-,+ACI-67,82+ACI-,+ACI-0,73+ACI-
Nikkei 225 (Giappone via ETF),EWJ,24/01/2025,+ACI-68,00+ACI-,+ACI-68,48+ACI-,+ACI-0,71+ACI-
Nikkei 225 (Giappone via ETF),EWJ,27/01/2025,+ACI-67,71+ACI-,+ACI-67,74+ACI-,+ACI-0,04+ACI-
Nikkei 225 (Giappone via ETF),EWJ,28/01/2025,+ACI-68,16+ACI-,+ACI-68,31+ACI-,+ACI-0,22+ACI-
Nikkei 225 (Giappone via ETF),EWJ,29/01/2025,+ACI-68,24+ACI-,+ACI-68,10+ACI-,+ACI-+AC0-0,21+ACI-
Nikkei 225 (Giappone via ETF),EWJ,30/01/2025,+ACI-68,96+ACI-,+ACI-69,12+ACI-,+ACI-0,23+ACI-
Nikkei 225 (Giappone via ETF),EWJ,31/01/2025,+ACI-68,98+ACI-,+ACI-68,31+ACI-,+ACI-+AC0-0,97+ACI-
Nikkei 225 (Giappone via ETF),EWJ,03/02/2025,+ACI-67,49+ACI-,+ACI-67,66+ACI-,+ACI-0,25+ACI-
Nikkei 225 (Giappone via ETF),EWJ,04/02/2025,+ACI-67,66+ACI-,+ACI-68,27+ACI-,+ACI-0,90+ACI-
Nikkei 225 (Giappone via ETF),EWJ,05/02/2025,+ACI-68,68+ACI-,+ACI-69,12+ACI-,+ACI-0,64+ACI-
Nikkei 225 (Giappone via ETF),EWJ,06/02/2025,+ACI-69,28+ACI-,+ACI-69,40+ACI-,+ACI-0,17+ACI-
Nikkei 225 (Giappone via ETF),EWJ,07/02/2025,+ACI-69,10+ACI-,+ACI-68,48+ACI-,+ACI-+AC0-0,90+ACI-
Nikkei 225 (Giappone via ETF),EWJ,10/02/2025,+ACI-68,84+ACI-,+ACI-68,75+ACI-,+ACI-+AC0-0,13+ACI-
Nikkei 225 (Giappone via ETF),EWJ,11/02/2025,+ACI-68,42+ACI-,+ACI-68,74+ACI-,+ACI-0,47+ACI-
Nikkei 225 (Giappone via ETF),EWJ,12/02/2025,+ACI-67,56+ACI-,+ACI-68,02+ACI-,+ACI-0,68+ACI-
Nikkei 225 (Giappone via ETF),EWJ,13/02/2025,+ACI-68,64+ACI-,+ACI-69,26+ACI-,+ACI-0,90+ACI-
Nikkei 225 (Giappone via ETF),EWJ,14/02/2025,+ACI-69,44+ACI-,+ACI-69,37+ACI-,+ACI-+AC0-0,10+ACI-
Nikkei 225 (Giappone via ETF),EWJ,18/02/2025,+ACI-69,95+ACI-,+ACI-70,10+ACI-,+ACI-0,21+ACI-
Nikkei 225 (Giappone via ETF),EWJ,19/02/2025,+ACI-69,46+ACI-,+ACI-69,62+ACI-,+ACI-0,23+ACI-
Nikkei 225 (Giappone via ETF),EWJ,20/02/2025,+ACI-69,79+ACI-,+ACI-69,71+ACI-,+ACI-+AC0-0,11+ACI-
Nikkei 225 (Giappone via ETF),EWJ,21/02/2025,+ACI-69,60+ACI-,+ACI-69,09+ACI-,+ACI-+AC0-0,73+ACI-
Nikkei 225 (Giappone via ETF),EWJ,24/02/2025,+ACI-69,00+ACI-,+ACI-68,78+ACI-,+ACI-+AC0-0,32+ACI-
Nikkei 225 (Giappone via ETF),EWJ,25/02/2025,+ACI-69,79+ACI-,+ACI-69,47+ACI-,+ACI-+AC0-0,46+ACI-
Nikkei 225 (Giappone via ETF),EWJ,26/02/2025,+ACI-69,55+ACI-,+ACI-69,51+ACI-,+ACI-+AC0-0,06+ACI-
Nikkei 225 (Giappone via ETF),EWJ,27/02/2025,+ACI-69,81+ACI-,+ACI-69,00+ACI-,+ACI-+AC0-1,16+ACI-
Nikkei 225 (Giappone via ETF),EWJ,28/02/2025,+ACI-68,11+ACI-,+ACI-68,47+ACI-,+ACI-0,53+ACI-
Nikkei 225 (Giappone via ETF),EWJ,03/03/2025,+ACI-69,88+ACI-,+ACI-69,21+ACI-,+ACI-+AC0-0,96+ACI-
Nikkei 225 (Giappone via ETF),EWJ,04/03/2025,+ACI-68,71+ACI-,+ACI-68,64+ACI-,+ACI-+AC0-0,10+ACI-
Nikkei 225 (Giappone via ETF),EWJ,05/03/2025,+ACI-69,41+ACI-,+ACI-70,15+ACI-,+ACI-1,07+ACI-
Nikkei 225 (Giappone via ETF),EWJ,06/03/2025,+ACI-70,05+ACI-,+ACI-69,61+ACI-,+ACI-+AC0-0,63+ACI-
Nikkei 225 (Giappone via ETF),EWJ,07/03/2025,+ACI-69,77+ACI-,+ACI-70,17+ACI-,+ACI-0,57+ACI-
Nikkei 225 (Giappone via ETF),EWJ,10/03/2025,+ACI-69,18+ACI-,+ACI-68,68+ACI-,+ACI-+AC0-0,72+ACI-
Nikkei 225 (Giappone via ETF),EWJ,11/03/2025,+ACI-68,48+ACI-,+ACI-68,26+ACI-,+ACI-+AC0-0,32+ACI-
Nikkei 225 (Giappone via ETF),EWJ,12/03/2025,+ACI-69,27+ACI-,+ACI-69,52+ACI-,+ACI-0,36+ACI-
Nikkei 225 (Giappone via ETF),EWJ,13/03/2025,+ACI-69,37+ACI-,+ACI-69,26+ACI-,+ACI-+AC0-0,16+ACI-
Nikkei 225 (Giappone via ETF),EWJ,14/03/2025,+ACI-69,86+ACI-,+ACI-70,35+ACI-,+ACI-0,70+ACI-
Nikkei 225 (Giappone via ETF),EWJ,17/03/2025,+ACI-70,66+ACI-,+ACI-71,09+ACI-,+ACI-0,61+ACI-
Nikkei 225 (Giappone via ETF),EWJ,18/03/2025,+ACI-70,67+ACI-,+ACI-70,89+ACI-,+ACI-0,31+ACI-
Nikkei 225 (Giappone via ETF),EWJ,19/03/2025,+ACI-71,01+ACI-,+ACI-71,70+ACI-,+ACI-0,97+ACI-
Nikkei 225 (Giappone via ETF),EWJ,20/03/2025,+ACI-70,77+ACI-,+ACI-71,32+ACI-,+ACI-0,78+ACI-
Nikkei 225 (Giappone via ETF),EWJ,21/03/2025,+ACI-71,16+ACI-,+ACI-71,33+ACI-,+ACI-0,24+ACI-
Nikkei 225 (Giappone via ETF),EWJ,24/03/2025,+ACI-71,11+ACI-,+ACI-71,17+ACI-,+ACI-0,08+ACI-
Nikkei 225 (Giappone via ETF),EWJ,25/03/2025,+ACI-71,29+ACI-,+ACI-71,68+ACI-,+ACI-0,55+ACI-
Nikkei 225 (Giappone via ETF),EWJ,26/03/2025,+ACI-71,18+ACI-,+ACI-70,75+ACI-,+ACI-+AC0-0,60+ACI-
Nikkei 225 (Giappone via ETF),EWJ,27/03/2025,+ACI-70,73+ACI-,+ACI-70,65+ACI-,+ACI-+AC0-0,11+ACI-
Nikkei 225 (Giappone via ETF),EWJ,28/03/2025,+ACI-69,36+ACI-,+ACI-69,22+ACI-,+ACI-+AC0-0,20+ACI-
Nikkei 225 (Giappone via ETF),EWJ,31/03/2025,+ACI-68,23+ACI-,+ACI-68,56+ACI-,+ACI-0,48+ACI-
Nikkei 225 (Giappone via ETF),EWJ,01/04/2025,+ACI-67,83+ACI-,+ACI-68,20+ACI-,+ACI-0,55+ACI-
Nikkei 225 (Giappone via ETF),EWJ,02/04/2025,+ACI-67,34+ACI-,+ACI-68,22+ACI-,+ACI-1,31+ACI-
Nikkei 225 (Giappone via ETF),EWJ,03/04/2025,+ACI-66,10+ACI-,+ACI-65,41+ACI-,+ACI-+AC0-1,04+ACI-
Nikkei 225 (Giappone via ETF),EWJ,04/04/2025,+ACI-63,09+ACI-,+ACI-61,51+ACI-,+ACI-+AC0-2,50+ACI-
Hang Seng (HK via ETF),EWH,02/01/2025,+ACI-16,47+ACI-,+ACI-16,40+ACI-,+ACI-+AC0-0,43+ACI-
Hang Seng (HK via ETF),EWH,03/01/2025,+ACI-16,49+ACI-,+ACI-16,53+ACI-,+ACI-0,24+ACI-
Hang Seng (HK via ETF),EWH,06/01/2025,+ACI-16,62+ACI-,+ACI-16,47+ACI-,+ACI-+AC0-0,90+ACI-
Hang Seng (HK via ETF),EWH,07/01/2025,+ACI-16,42+ACI-,+ACI-16,28+ACI-,+ACI-+AC0-0,85+ACI-
Hang Seng (HK via ETF),EWH,08/01/2025,+ACI-16,09+ACI-,+ACI-16,10+ACI-,+ACI-0,06+ACI-
Hang Seng (HK via ETF),EWH,10/01/2025,+ACI-15,94+ACI-,+ACI-15,83+ACI-,+ACI-+AC0-0,69+ACI-
Hang Seng (HK via ETF),EWH,13/01/2025,+ACI-15,75+ACI-,+ACI-15,80+ACI-,+ACI-0,32+ACI-
Hang Seng (HK via ETF),EWH,14/01/2025,+ACI-15,92+ACI-,+ACI-15,89+ACI-,+ACI-+AC0-0,19+ACI-
Hang Seng (HK via ETF),EWH,15/01/2025,+ACI-16,02+ACI-,+ACI-16,09+ACI-,+ACI-0,44+ACI-
Hang Seng (HK via ETF),EWH,16/01/2025,+ACI-16,06+ACI-,+ACI-16,12+ACI-,+ACI-0,37+ACI-
Hang Seng (HK via ETF),EWH,17/01/2025,+ACI-16,22+ACI-,+ACI-16,40+ACI-,+ACI-1,11+ACI-
Hang Seng (HK via ETF),EWH,21/01/2025,+ACI-16,46+ACI-,+ACI-16,51+ACI-,+ACI-0,30+ACI-
Hang Seng (HK via ETF),EWH,22/01/2025,+ACI-16,42+ACI-,+ACI-16,39+ACI-,+ACI-+AC0-0,18+ACI-
Hang Seng (HK via ETF),EWH,23/01/2025,+ACI-16,22+ACI-,+ACI-16,30+ACI-,+ACI-0,49+ACI-
Hang Seng (HK via ETF),EWH,24/01/2025,+ACI-16,38+ACI-,+ACI-16,43+ACI-,+ACI-0,31+ACI-
Hang Seng (HK via ETF),EWH,27/01/2025,+ACI-16,48+ACI-,+ACI-16,43+ACI-,+ACI-+AC0-0,30+ACI-
Hang Seng (HK via ETF),EWH,28/01/2025,+ACI-16,44+ACI-,+ACI-16,51+ACI-,+ACI-0,43+ACI-
Hang Seng (HK via ETF),EWH,29/01/2025,+ACI-16,58+ACI-,+ACI-16,44+ACI-,+ACI-+AC0-0,84+ACI-
Hang Seng (HK via ETF),EWH,30/01/2025,+ACI-16,51+ACI-,+ACI-16,71+ACI-,+ACI-1,21+ACI-
Hang Seng (HK via ETF),EWH,31/01/2025,+ACI-16,71+ACI-,+ACI-16,50+ACI-,+ACI-+AC0-1,26+ACI-
Hang Seng (HK via ETF),EWH,03/02/2025,+ACI-16,27+ACI-,+ACI-16,31+ACI-,+ACI-0,25+ACI-
Hang Seng (HK via ETF),EWH,04/02/2025,+ACI-16,34+ACI-,+ACI-16,46+ACI-,+ACI-0,73+ACI-
Hang Seng (HK via ETF),EWH,05/02/2025,+ACI-16,16+ACI-,+ACI-16,20+ACI-,+ACI-0,25+ACI-
Hang Seng (HK via ETF),EWH,06/02/2025,+ACI-16,29+ACI-,+ACI-16,32+ACI-,+ACI-0,18+ACI-
Hang Seng (HK via ETF),EWH,07/02/2025,+ACI-16,32+ACI-,+ACI-16,21+ACI-,+ACI-+AC0-0,67+ACI-
Hang Seng (HK via ETF),EWH,10/02/2025,+ACI-16,35+ACI-,+ACI-16,34+ACI-,+ACI-+AC0-0,06+ACI-
Hang Seng (HK via ETF),EWH,11/02/2025,+ACI-16,12+ACI-,+ACI-16,18+ACI-,+ACI-0,37+ACI-
Hang Seng (HK via ETF),EWH,12/02/2025,+ACI-16,44+ACI-,+ACI-16,66+ACI-,+ACI-1,34+ACI-
Hang Seng (HK via ETF),EWH,13/02/2025,+ACI-16,60+ACI-,+ACI-16,83+ACI-,+ACI-1,39+ACI-
Hang Seng (HK via ETF),EWH,14/02/2025,+ACI-16,99+ACI-,+ACI-16,98+ACI-,+ACI-+AC0-0,06+ACI-
Hang Seng (HK via ETF),EWH,18/02/2025,+ACI-16,93+ACI-,+ACI-16,89+ACI-,+ACI-+AC0-0,24+ACI-
Hang Seng (HK via ETF),EWH,19/02/2025,+ACI-16,87+ACI-,+ACI-16,91+ACI-,+ACI-0,24+ACI-
Hang Seng (HK via ETF),EWH,20/02/2025,+ACI-16,95+ACI-,+ACI-16,99+ACI-,+ACI-0,24+ACI-
Hang Seng (HK via ETF),EWH,21/02/2025,+ACI-17,32+ACI-,+ACI-17,19+ACI-,+ACI-+AC0-0,75+ACI-
Hang Seng (HK via ETF),EWH,24/02/2025,+ACI-17,35+ACI-,+ACI-17,22+ACI-,+ACI-+AC0-0,75+ACI-
Hang Seng (HK via ETF),EWH,25/02/2025,+ACI-17,34+ACI-,+ACI-17,38+ACI-,+ACI-0,23+ACI-
Hang Seng (HK via ETF),EWH,26/02/2025,+ACI-17,63+ACI-,+ACI-17,65+ACI-,+ACI-0,11+ACI-
Hang Seng (HK via ETF),EWH,27/02/2025,+ACI-17,76+ACI-,+ACI-17,65+ACI-,+ACI-+AC0-0,62+ACI-
Hang Seng (HK via ETF),EWH,28/02/2025,+ACI-17,45+ACI-,+ACI-17,59+ACI-,+ACI-0,80+ACI-
Hang Seng (HK via ETF),EWH,03/03/2025,+ACI-17,54+ACI-,+ACI-17,31+ACI-,+ACI-+AC0-1,31+ACI-
Hang Seng (HK via ETF),EWH,04/03/2025,+ACI-17,47+ACI-,+ACI-17,55+ACI-,+ACI-0,46+ACI-
Hang Seng (HK via ETF),EWH,05/03/2025,+ACI-17,99+ACI-,+ACI-18,18+ACI-,+ACI-1,06+ACI-
Hang Seng (HK via ETF),EWH,06/03/2025,+ACI-18,41+ACI-,+ACI-18,34+ACI-,+ACI-+AC0-0,38+ACI-
Hang Seng (HK via ETF),EWH,07/03/2025,+ACI-18,23+ACI-,+ACI-18,31+ACI-,+ACI-0,44+ACI-
Hang Seng (HK via ETF),EWH,10/03/2025,+ACI-18,08+ACI-,+ACI-17,95+ACI-,+ACI-+AC0-0,72+ACI-
Hang Seng (HK via ETF),EWH,11/03/2025,+ACI-18,27+ACI-,+ACI-18,11+ACI-,+ACI-+AC0-0,88+ACI-
Hang Seng (HK via ETF),EWH,12/03/2025,+ACI-18,28+ACI-,+ACI-18,21+ACI-,+ACI-+AC0-0,38+ACI-
Hang Seng (HK via ETF),EWH,13/03/2025,+ACI-18,08+ACI-,+ACI-18,17+ACI-,+ACI-0,50+ACI-
Hang Seng (HK via ETF),EWH,14/03/2025,+ACI-18,10+ACI-,+ACI-18,15+ACI-,+ACI-0,28+ACI-
Hang Seng (HK via ETF),EWH,17/03/2025,+ACI-18,25+ACI-,+ACI-18,39+ACI-,+ACI-0,77+ACI-
Hang Seng (HK via ETF),EWH,18/03/2025,+ACI-18,30+ACI-,+ACI-18,22+ACI-,+ACI-+AC0-0,44+ACI-
Hang Seng (HK via ETF),EWH,19/03/2025,+ACI-18,47+ACI-,+ACI-18,37+ACI-,+ACI-+AC0-0,54+ACI-
Hang Seng (HK via ETF),EWH,20/03/2025,+ACI-18,06+ACI-,+ACI-18,02+ACI-,+ACI-+AC0-0,22+ACI-
Hang Seng (HK via ETF),EWH,21/03/2025,+ACI-17,76+ACI-,+ACI-17,84+ACI-,+ACI-0,45+ACI-
Hang Seng (HK via ETF),EWH,24/03/2025,+ACI-17,78+ACI-,+ACI-17,74+ACI-,+ACI-+AC0-0,22+ACI-
Hang Seng (HK via ETF),EWH,25/03/2025,+ACI-17,73+ACI-,+ACI-17,69+ACI-,+ACI-+AC0-0,23+ACI-
Hang Seng (HK via ETF),EWH,26/03/2025,+ACI-17,69+ACI-,+ACI-17,57+ACI-,+ACI-+AC0-0,68+ACI-
Hang Seng (HK via ETF),EWH,27/03/2025,+ACI-17,80+ACI-,+ACI-17,81+ACI-,+ACI-0,06+ACI-
Hang Seng (HK via ETF),EWH,28/03/2025,+ACI-17,65+ACI-,+ACI-17,56+ACI-,+ACI-+AC0-0,51+ACI-
Hang Seng (HK via ETF),EWH,31/03/2025,+ACI-17,40+ACI-,+ACI-17,51+ACI-,+ACI-0,63+ACI-
Hang Seng (HK via ETF),EWH,01/04/2025,+ACI-17,60+ACI-,+ACI-17,74+ACI-,+ACI-0,80+ACI-
Hang Seng (HK via ETF),EWH,02/04/2025,+ACI-17,76+ACI-,+ACI-17,79+ACI-,+ACI-0,17+ACI-
Hang Seng (HK via ETF),EWH,03/04/2025,+ACI-17,48+ACI-,+ACI-17,48+ACI-,+ACI-0,00+ACI-
Hang Seng (HK via ETF),EWH,04/04/2025,+ACI-16,66+ACI-,+ACI-16,38+ACI-,+ACI-+AC0-1,68+ACI-
FTSE 100 (UK via ETF),EWU,02/01/2025,+ACI-33,95+ACI-,+ACI-33,82+ACI-,+ACI-+AC0-0,38+ACI-
FTSE 100 (UK via ETF),EWU,03/01/2025,+ACI-34,04+ACI-,+ACI-33,97+ACI-,+ACI-+AC0-0,21+ACI-
FTSE 100 (UK via ETF),EWU,06/01/2025,+ACI-34,09+ACI-,+ACI-34,13+ACI-,+ACI-0,12+ACI-
FTSE 100 (UK via ETF),EWU,07/01/2025,+ACI-34,29+ACI-,+ACI-34,16+ACI-,+ACI-+AC0-0,38+ACI-
FTSE 100 (UK via ETF),EWU,08/01/2025,+ACI-33,74+ACI-,+ACI-33,97+ACI-,+ACI-0,68+ACI-
FTSE 100 (UK via ETF),EWU,10/01/2025,+ACI-33,80+ACI-,+ACI-33,49+ACI-,+ACI-+AC0-0,92+ACI-
FTSE 100 (UK via ETF),EWU,13/01/2025,+ACI-33,07+ACI-,+ACI-33,39+ACI-,+ACI-0,97+ACI-
FTSE 100 (UK via ETF),EWU,14/01/2025,+ACI-33,27+ACI-,+ACI-33,37+ACI-,+ACI-0,30+ACI-
FTSE 100 (UK via ETF),EWU,15/01/2025,+ACI-33,82+ACI-,+ACI-33,90+ACI-,+ACI-0,24+ACI-
FTSE 100 (UK via ETF),EWU,16/01/2025,+ACI-33,96+ACI-,+ACI-34,28+ACI-,+ACI-0,94+ACI-
FTSE 100 (UK via ETF),EWU,17/01/2025,+ACI-34,50+ACI-,+ACI-34,38+ACI-,+ACI-+AC0-0,35+ACI-
FTSE 100 (UK via ETF),EWU,21/01/2025,+ACI-34,88+ACI-,+ACI-35,18+ACI-,+ACI-0,86+ACI-
FTSE 100 (UK via ETF),EWU,22/01/2025,+ACI-35,10+ACI-,+ACI-34,90+ACI-,+ACI-+AC0-0,57+ACI-
FTSE 100 (UK via ETF),EWU,23/01/2025,+ACI-35,14+ACI-,+ACI-35,16+ACI-,+ACI-0,06+ACI-
FTSE 100 (UK via ETF),EWU,24/01/2025,+ACI-35,23+ACI-,+ACI-35,17+ACI-,+ACI-+AC0-0,17+ACI-
FTSE 100 (UK via ETF),EWU,27/01/2025,+ACI-35,26+ACI-,+ACI-35,41+ACI-,+ACI-0,43+ACI-
FTSE 100 (UK via ETF),EWU,28/01/2025,+ACI-35,45+ACI-,+ACI-35,33+ACI-,+ACI-+AC0-0,34+ACI-
FTSE 100 (UK via ETF),EWU,29/01/2025,+ACI-35,30+ACI-,+ACI-35,27+ACI-,+ACI-+AC0-0,08+ACI-
FTSE 100 (UK via ETF),EWU,30/01/2025,+ACI-35,65+ACI-,+ACI-35,79+ACI-,+ACI-0,39+ACI-
FTSE 100 (UK via ETF),EWU,31/01/2025,+ACI-35,78+ACI-,+ACI-35,61+ACI-,+ACI-+AC0-0,48+ACI-
FTSE 100 (UK via ETF),EWU,03/02/2025,+ACI-35,12+ACI-,+ACI-35,28+ACI-,+ACI-0,46+ACI-
FTSE 100 (UK via ETF),EWU,04/02/2025,+ACI-35,43+ACI-,+ACI-35,54+ACI-,+ACI-0,31+ACI-
FTSE 100 (UK via ETF),EWU,05/02/2025,+ACI-35,83+ACI-,+ACI-36,04+ACI-,+ACI-0,59+ACI-
FTSE 100 (UK via ETF),EWU,06/02/2025,+ACI-36,10+ACI-,+ACI-36,06+ACI-,+ACI-+AC0-0,11+ACI-
FTSE 100 (UK via ETF),EWU,07/02/2025,+ACI-36,12+ACI-,+ACI-35,89+ACI-,+ACI-+AC0-0,64+ACI-
FTSE 100 (UK via ETF),EWU,10/02/2025,+ACI-36,11+ACI-,+ACI-36,17+ACI-,+ACI-0,17+ACI-
FTSE 100 (UK via ETF),EWU,11/02/2025,+ACI-36,17+ACI-,+ACI-36,46+ACI-,+ACI-0,80+ACI-
FTSE 100 (UK via ETF),EWU,12/02/2025,+ACI-36,29+ACI-,+ACI-36,57+ACI-,+ACI-0,77+ACI-
FTSE 100 (UK via ETF),EWU,13/02/2025,+ACI-36,37+ACI-,+ACI-36,65+ACI-,+ACI-0,77+ACI-
FTSE 100 (UK via ETF),EWU,14/02/2025,+ACI-36,75+ACI-,+ACI-36,55+ACI-,+ACI-+AC0-0,54+ACI-
FTSE 100 (UK via ETF),EWU,18/02/2025,+ACI-36,86+ACI-,+ACI-36,85+ACI-,+ACI-+AC0-0,03+ACI-
FTSE 100 (UK via ETF),EWU,19/02/2025,+ACI-36,53+ACI-,+ACI-36,64+ACI-,+ACI-0,30+ACI-
FTSE 100 (UK via ETF),EWU,20/02/2025,+ACI-36,56+ACI-,+ACI-36,55+ACI-,+ACI-+AC0-0,03+ACI-
FTSE 100 (UK via ETF),EWU,21/02/2025,+ACI-36,58+ACI-,+ACI-36,36+ACI-,+ACI-+AC0-0,60+ACI-
FTSE 100 (UK via ETF),EWU,24/02/2025,+ACI-36,48+ACI-,+ACI-36,39+ACI-,+ACI-+AC0-0,25+ACI-
FTSE 100 (UK via ETF),EWU,25/02/2025,+ACI-36,83+ACI-,+ACI-36,72+ACI-,+ACI-+AC0-0,30+ACI-
FTSE 100 (UK via ETF),EWU,26/02/2025,+ACI-36,78+ACI-,+ACI-36,75+ACI-,+ACI-+AC0-0,08+ACI-
FTSE 100 (UK via ETF),EWU,27/02/2025,+ACI-36,88+ACI-,+ACI-36,70+ACI-,+ACI-+AC0-0,49+ACI-
FTSE 100 (UK via ETF),EWU,28/02/2025,+ACI-36,99+ACI-,+ACI-37,04+ACI-,+ACI-0,14+ACI-
FTSE 100 (UK via ETF),EWU,03/03/2025,+ACI-37,63+ACI-,+ACI-37,42+ACI-,+ACI-+AC0-0,56+ACI-
FTSE 100 (UK via ETF),EWU,04/03/2025,+ACI-37,33+ACI-,+ACI-37,55+ACI-,+ACI-0,59+ACI-
FTSE 100 (UK via ETF),EWU,05/03/2025,+ACI-37,63+ACI-,+ACI-37,92+ACI-,+ACI-0,77+ACI-
FTSE 100 (UK via ETF),EWU,06/03/2025,+ACI-37,29+ACI-,+ACI-37,25+ACI-,+ACI-+AC0-0,11+ACI-
FTSE 100 (UK via ETF),EWU,07/03/2025,+ACI-37,46+ACI-,+ACI-37,83+ACI-,+ACI-0,99+ACI-
FTSE 100 (UK via ETF),EWU,10/03/2025,+ACI-37,28+ACI-,+ACI-37,05+ACI-,+ACI-+AC0-0,62+ACI-
FTSE 100 (UK via ETF),EWU,11/03/2025,+ACI-37,02+ACI-,+ACI-36,96+ACI-,+ACI-+AC0-0,16+ACI-
FTSE 100 (UK via ETF),EWU,12/03/2025,+ACI-37,03+ACI-,+ACI-37,12+ACI-,+ACI-0,24+ACI-
FTSE 100 (UK via ETF),EWU,13/03/2025,+ACI-37,07+ACI-,+ACI-37,13+ACI-,+ACI-0,16+ACI-
FTSE 100 (UK via ETF),EWU,14/03/2025,+ACI-37,32+ACI-,+ACI-37,71+ACI-,+ACI-1,05+ACI-
FTSE 100 (UK via ETF),EWU,17/03/2025,+ACI-37,70+ACI-,+ACI-37,97+ACI-,+ACI-0,72+ACI-
FTSE 100 (UK via ETF),EWU,18/03/2025,+ACI-37,95+ACI-,+ACI-37,95+ACI-,+ACI-0,00+ACI-
FTSE 100 (UK via ETF),EWU,19/03/2025,+ACI-37,84+ACI-,+ACI-37,99+ACI-,+ACI-0,40+ACI-
FTSE 100 (UK via ETF),EWU,20/03/2025,+ACI-37,74+ACI-,+ACI-37,88+ACI-,+ACI-0,37+ACI-
FTSE 100 (UK via ETF),EWU,21/03/2025,+ACI-37,51+ACI-,+ACI-37,53+ACI-,+ACI-0,05+ACI-
FTSE 100 (UK via ETF),EWU,24/03/2025,+ACI-37,54+ACI-,+ACI-37,53+ACI-,+ACI-+AC0-0,03+ACI-
FTSE 100 (UK via ETF),EWU,25/03/2025,+ACI-37,80+ACI-,+ACI-37,64+ACI-,+ACI-+AC0-0,42+ACI-
FTSE 100 (UK via ETF),EWU,26/03/2025,+ACI-37,52+ACI-,+ACI-37,51+ACI-,+ACI-+AC0-0,03+ACI-
FTSE 100 (UK via ETF),EWU,27/03/2025,+ACI-37,46+ACI-,+ACI-37,66+ACI-,+ACI-0,53+ACI-
FTSE 100 (UK via ETF),EWU,28/03/2025,+ACI-37,79+ACI-,+ACI-37,59+ACI-,+ACI-+AC0-0,53+ACI-
FTSE 100 (UK via ETF),EWU,31/03/2025,+ACI-37,18+ACI-,+ACI-37,47+ACI-,+ACI-0,78+ACI-
FTSE 100 (UK via ETF),EWU,01/04/2025,+ACI-37,46+ACI-,+ACI-37,44+ACI-,+ACI-+AC0-0,05+ACI-
FTSE 100 (UK via ETF),EWU,02/04/2025,+ACI-37,31+ACI-,+ACI-37,61+ACI-,+ACI-0,80+ACI-
FTSE 100 (UK via ETF),EWU,03/04/2025,+ACI-37,55+ACI-,+ACI-37,28+ACI-,+ACI-+AC0-0,72+ACI-
FTSE 100 (UK via ETF),EWU,04/04/2025,+ACI-35,70+ACI-,+ACI-34,62+ACI-,+ACI-+AC0-3,03+ACI-
DAX (Francoforte),DAX,02/01/2025,+ACI-33,29+ACI-,+ACI-33,13+ACI-,+ACI-+AC0-0,48+ACI-
DAX (Francoforte),DAX,03/01/2025,+ACI-33,25+ACI-,+ACI-33,22+ACI-,+ACI-+AC0-0,10+ACI-
DAX (Francoforte),DAX,06/01/2025,+ACI-33,67+ACI-,+ACI-33,91+ACI-,+ACI-0,71+ACI-
DAX (Francoforte),DAX,07/01/2025,+ACI-34,26+ACI-,+ACI-34,06+ACI-,+ACI-+AC0-0,58+ACI-
DAX (Francoforte),DAX,08/01/2025,+ACI-33,81+ACI-,+ACI-34,05+ACI-,+ACI-0,72+ACI-
DAX (Francoforte),DAX,10/01/2025,+ACI-33,85+ACI-,+ACI-33,57+ACI-,+ACI-+AC0-0,83+ACI-
DAX (Francoforte),DAX,13/01/2025,+ACI-33,01+ACI-,+ACI-33,47+ACI-,+ACI-1,39+ACI-
DAX (Francoforte),DAX,14/01/2025,+ACI-33,82+ACI-,+ACI-33,97+ACI-,+ACI-0,44+ACI-
DAX (Francoforte),DAX,15/01/2025,+ACI-34,53+ACI-,+ACI-34,53+ACI-,+ACI-0,00+ACI-
DAX (Francoforte),DAX,16/01/2025,+ACI-34,47+ACI-,+ACI-34,60+ACI-,+ACI-0,38+ACI-
DAX (Francoforte),DAX,17/01/2025,+ACI-34,74+ACI-,+ACI-34,79+ACI-,+ACI-0,14+ACI-
DAX (Francoforte),DAX,21/01/2025,+ACI-35,55+ACI-,+ACI-35,82+ACI-,+ACI-0,76+ACI-
DAX (Francoforte),DAX,22/01/2025,+ACI-36,07+ACI-,+ACI-35,93+ACI-,+ACI-+AC0-0,39+ACI-
DAX (Francoforte),DAX,23/01/2025,+ACI-36,06+ACI-,+ACI-36,39+ACI-,+ACI-0,92+ACI-
DAX (Francoforte),DAX,24/01/2025,+ACI-36,44+ACI-,+ACI-36,41+ACI-,+ACI-+AC0-0,08+ACI-
DAX (Francoforte),DAX,27/01/2025,+ACI-36,41+ACI-,+ACI-36,41+ACI-,+ACI-0,00+ACI-
DAX (Francoforte),DAX,28/01/2025,+ACI-36,38+ACI-,+ACI-36,31+ACI-,+ACI-+AC0-0,19+ACI-
DAX (Francoforte),DAX,29/01/2025,+ACI-36,51+ACI-,+ACI-36,47+ACI-,+ACI-+AC0-0,11+ACI-
DAX (Francoforte),DAX,30/01/2025,+ACI-36,72+ACI-,+ACI-36,58+ACI-,+ACI-+AC0-0,38+ACI-
DAX (Francoforte),DAX,31/01/2025,+ACI-36,64+ACI-,+ACI-36,30+ACI-,+ACI-+AC0-0,93+ACI-
DAX (Francoforte),DAX,03/02/2025,+ACI-35,48+ACI-,+ACI-35,71+ACI-,+ACI-0,66+ACI-
DAX (Francoforte),DAX,04/02/2025,+ACI-36,01+ACI-,+ACI-36,07+ACI-,+ACI-0,17+ACI-
DAX (Francoforte),DAX,05/02/2025,+ACI-36,30+ACI-,+ACI-36,51+ACI-,+ACI-0,58+ACI-
DAX (Francoforte),DAX,06/02/2025,+ACI-36,73+ACI-,+ACI-36,93+ACI-,+ACI-0,54+ACI-
DAX (Francoforte),DAX,07/02/2025,+ACI-36,93+ACI-,+ACI-36,46+ACI-,+ACI-+AC0-1,27+ACI-
DAX (Francoforte),DAX,10/02/2025,+ACI-36,65+ACI-,+ACI-36,77+ACI-,+ACI-0,33+ACI-
DAX (Francoforte),DAX,11/02/2025,+ACI-36,91+ACI-,+ACI-37,15+ACI-,+ACI-0,65+ACI-
DAX (Francoforte),DAX,12/02/2025,+ACI-37,11+ACI-,+ACI-37,62+ACI-,+ACI-1,37+ACI-
DAX (Francoforte),DAX,13/02/2025,+ACI-38,01+ACI-,+ACI-38,22+ACI-,+ACI-0,54+ACI-
DAX (Francoforte),DAX,14/02/2025,+ACI-38,45+ACI-,+ACI-38,35+ACI-,+ACI-+AC0-0,26+ACI-
DAX (Francoforte),DAX,18/02/2025,+ACI-38,78+ACI-,+ACI-38,80+ACI-,+ACI-0,05+ACI-
DAX (Francoforte),DAX,19/02/2025,+ACI-38,22+ACI-,+ACI-37,96+ACI-,+ACI-+AC0-0,67+ACI-
DAX (Francoforte),DAX,20/02/2025,+ACI-38,18+ACI-,+ACI-38,05+ACI-,+ACI-+AC0-0,34+ACI-
DAX (Francoforte),DAX,21/02/2025,+ACI-38,04+ACI-,+ACI-37,64+ACI-,+ACI-+AC0-1,05+ACI-
DAX (Francoforte),DAX,24/02/2025,+ACI-38,17+ACI-,+ACI-37,88+ACI-,+ACI-+AC0-0,76+ACI-
DAX (Francoforte),DAX,25/02/2025,+ACI-38,41+ACI-,+ACI-38,47+ACI-,+ACI-0,16+ACI-
DAX (Francoforte),DAX,26/02/2025,+ACI-38,64+ACI-,+ACI-38,46+ACI-,+ACI-+AC0-0,47+ACI-
DAX (Francoforte),DAX,27/02/2025,+ACI-38,41+ACI-,+ACI-37,78+ACI-,+ACI-+AC0-1,64+ACI-
DAX (Francoforte),DAX,28/02/2025,+ACI-37,95+ACI-,+ACI-37,98+ACI-,+ACI-0,08+ACI-
DAX (Francoforte),DAX,03/03/2025,+ACI-39,52+ACI-,+ACI-39,17+ACI-,+ACI-+AC0-0,89+ACI-
DAX (Francoforte),DAX,04/03/2025,+ACI-38,70+ACI-,+ACI-39,08+ACI-,+ACI-0,98+ACI-
DAX (Francoforte),DAX,05/03/2025,+ACI-40,10+ACI-,+ACI-40,72+ACI-,+ACI-1,55+ACI-
DAX (Francoforte),DAX,06/03/2025,+ACI-40,78+ACI-,+ACI-40,64+ACI-,+ACI-+AC0-0,34+ACI-
DAX (Francoforte),DAX,07/03/2025,+ACI-40,43+ACI-,+ACI-40,89+ACI-,+ACI-1,14+ACI-
DAX (Francoforte),DAX,10/03/2025,+ACI-40,10+ACI-,+ACI-39,70+ACI-,+ACI-+AC0-1,00+ACI-
DAX (Francoforte),DAX,11/03/2025,+ACI-40,07+ACI-,+ACI-39,75+ACI-,+ACI-+AC0-0,80+ACI-
DAX (Francoforte),DAX,12/03/2025,+ACI-40,25+ACI-,+ACI-40,06+ACI-,+ACI-+AC0-0,47+ACI-
DAX (Francoforte),DAX,13/03/2025,+ACI-39,74+ACI-,+ACI-39,61+ACI-,+ACI-+AC0-0,33+ACI-
DAX (Francoforte),DAX,14/03/2025,+ACI-40,47+ACI-,+ACI-40,74+ACI-,+ACI-0,67+ACI-
DAX (Francoforte),DAX,17/03/2025,+ACI-40,69+ACI-,+ACI-41,19+ACI-,+ACI-1,23+ACI-
DAX (Francoforte),DAX,18/03/2025,+ACI-41,41+ACI-,+ACI-41,49+ACI-,+ACI-0,19+ACI-
DAX (Francoforte),DAX,19/03/2025,+ACI-40,99+ACI-,+ACI-41,24+ACI-,+ACI-0,61+ACI-
DAX (Francoforte),DAX,20/03/2025,+ACI-40,22+ACI-,+ACI-40,45+ACI-,+ACI-0,57+ACI-
DAX (Francoforte),DAX,21/03/2025,+ACI-39,96+ACI-,+ACI-40,17+ACI-,+ACI-0,53+ACI-
DAX (Francoforte),DAX,24/03/2025,+ACI-40,17+ACI-,+ACI-40,10+ACI-,+ACI-+AC0-0,17+ACI-
DAX (Francoforte),DAX,25/03/2025,+ACI-40,51+ACI-,+ACI-40,49+ACI-,+ACI-+AC0-0,05+ACI-
DAX (Francoforte),DAX,26/03/2025,+ACI-40,07+ACI-,+ACI-39,63+ACI-,+ACI-+AC0-1,10+ACI-
DAX (Francoforte),DAX,27/03/2025,+ACI-39,39+ACI-,+ACI-39,65+ACI-,+ACI-0,66+ACI-
DAX (Francoforte),DAX,28/03/2025,+ACI-39,53+ACI-,+ACI-39,42+ACI-,+ACI-+AC0-0,28+ACI-
DAX (Francoforte),DAX,31/03/2025,+ACI-38,74+ACI-,+ACI-39,10+ACI-,+ACI-0,93+ACI-
DAX (Francoforte),DAX,01/04/2025,+ACI-39,41+ACI-,+ACI-39,41+ACI-,+ACI-0,00+ACI-
DAX (Francoforte),DAX,02/04/2025,+ACI-38,92+ACI-,+ACI-39,38+ACI-,+ACI-1,18+ACI-
DAX (Francoforte),DAX,03/04/2025,+ACI-39,26+ACI-,+ACI-38,62+ACI-,+ACI-+AC0-1,63+ACI-
DAX (Francoforte),DAX,04/04/2025,+ACI-37,01+ACI-,+ACI-36,06+ACI-,+ACI-+AC0-2,57+ACI-
CAC 40 (Parigi),CAC,02/01/2025,+ACI-43,19+ACI-,+ACI-42,25+ACI-,+ACI-+AC0-2,18+ACI-
CAC 40 (Parigi),CAC,03/01/2025,+ACI-42,30+ACI-,+ACI-42,08+ACI-,+ACI-+AC0-0,52+ACI-
CAC 40 (Parigi),CAC,06/01/2025,+ACI-42,08+ACI-,+ACI-41,86+ACI-,+ACI-+AC0-0,52+ACI-
CAC 40 (Parigi),CAC,07/01/2025,+ACI-41,92+ACI-,+ACI-42,01+ACI-,+ACI-0,21+ACI-
CAC 40 (Parigi),CAC,08/01/2025,+ACI-41,89+ACI-,+ACI-41,75+ACI-,+ACI-+AC0-0,33+ACI-
CAC 40 (Parigi),CAC,10/01/2025,+ACI-41,29+ACI-,+ACI-41,51+ACI-,+ACI-0,53+ACI-
CAC 40 (Parigi),CAC,13/01/2025,+ACI-41,02+ACI-,+ACI-42,13+ACI-,+ACI-2,71+ACI-
CAC 40 (Parigi),CAC,14/01/2025,+ACI-42,43+ACI-,+ACI-43,44+ACI-,+ACI-2,38+ACI-
CAC 40 (Parigi),CAC,15/01/2025,+ACI-44,12+ACI-,+ACI-44,10+ACI-,+ACI-+AC0-0,05+ACI-
CAC 40 (Parigi),CAC,16/01/2025,+ACI-43,80+ACI-,+ACI-43,89+ACI-,+ACI-0,21+ACI-
CAC 40 (Parigi),CAC,17/01/2025,+ACI-44,19+ACI-,+ACI-44,05+ACI-,+ACI-+AC0-0,32+ACI-
CAC 40 (Parigi),CAC,21/01/2025,+ACI-44,35+ACI-,+ACI-44,80+ACI-,+ACI-1,01+ACI-
CAC 40 (Parigi),CAC,22/01/2025,+ACI-44,56+ACI-,+ACI-43,76+ACI-,+ACI-+AC0-1,80+ACI-
CAC 40 (Parigi),CAC,23/01/2025,+ACI-43,51+ACI-,+ACI-43,43+ACI-,+ACI-+AC0-0,18+ACI-
CAC 40 (Parigi),CAC,24/01/2025,+ACI-43,32+ACI-,+ACI-43,80+ACI-,+ACI-1,11+ACI-
CAC 40 (Parigi),CAC,27/01/2025,+ACI-43,80+ACI-,+ACI-44,44+ACI-,+ACI-1,46+ACI-
CAC 40 (Parigi),CAC,28/01/2025,+ACI-44,88+ACI-,+ACI-45,43+ACI-,+ACI-1,23+ACI-
CAC 40 (Parigi),CAC,29/01/2025,+ACI-45,43+ACI-,+ACI-45,86+ACI-,+ACI-0,95+ACI-
CAC 40 (Parigi),CAC,30/01/2025,+ACI-46,01+ACI-,+ACI-45,47+ACI-,+ACI-+AC0-1,17+ACI-
CAC 40 (Parigi),CAC,31/01/2025,+ACI-45,59+ACI-,+ACI-45,36+ACI-,+ACI-+AC0-0,50+ACI-
CAC 40 (Parigi),CAC,03/02/2025,+ACI-43,94+ACI-,+ACI-44,41+ACI-,+ACI-1,07+ACI-
CAC 40 (Parigi),CAC,04/02/2025,+ACI-44,23+ACI-,+ACI-45,56+ACI-,+ACI-3,01+ACI-
CAC 40 (Parigi),CAC,05/02/2025,+ACI-45,89+ACI-,+ACI-45,80+ACI-,+ACI-+AC0-0,20+ACI-
CAC 40 (Parigi),CAC,06/02/2025,+ACI-45,86+ACI-,+ACI-46,52+ACI-,+ACI-1,44+ACI-
CAC 40 (Parigi),CAC,07/02/2025,+ACI-46,41+ACI-,+ACI-45,21+ACI-,+ACI-+AC0-2,59+ACI-
CAC 40 (Parigi),CAC,10/02/2025,+ACI-45,36+ACI-,+ACI-44,82+ACI-,+ACI-+AC0-1,19+ACI-
CAC 40 (Parigi),CAC,11/02/2025,+ACI-44,60+ACI-,+ACI-45,57+ACI-,+ACI-2,17+ACI-
CAC 40 (Parigi),CAC,12/02/2025,+ACI-45,00+ACI-,+ACI-44,41+ACI-,+ACI-+AC0-1,31+ACI-
CAC 40 (Parigi),CAC,13/02/2025,+ACI-44,57+ACI-,+ACI-44,72+ACI-,+ACI-0,34+ACI-
CAC 40 (Parigi),CAC,14/02/2025,+ACI-44,23+ACI-,+ACI-44,57+ACI-,+ACI-0,77+ACI-
CAC 40 (Parigi),CAC,18/02/2025,+ACI-43,77+ACI-,+ACI-45,02+ACI-,+ACI-2,86+ACI-
CAC 40 (Parigi),CAC,19/02/2025,+ACI-44,66+ACI-,+ACI-44,71+ACI-,+ACI-0,11+ACI-
CAC 40 (Parigi),CAC,20/02/2025,+ACI-44,56+ACI-,+ACI-43,91+ACI-,+ACI-+AC0-1,46+ACI-
CAC 40 (Parigi),CAC,21/02/2025,+ACI-44,37+ACI-,+ACI-43,09+ACI-,+ACI-+AC0-2,88+ACI-
CAC 40 (Parigi),CAC,24/02/2025,+ACI-43,46+ACI-,+ACI-43,12+ACI-,+ACI-+AC0-0,78+ACI-
CAC 40 (Parigi),CAC,25/02/2025,+ACI-42,73+ACI-,+ACI-43,50+ACI-,+ACI-1,80+ACI-
CAC 40 (Parigi),CAC,26/02/2025,+ACI-43,47+ACI-,+ACI-43,57+ACI-,+ACI-0,23+ACI-
CAC 40 (Parigi),CAC,27/02/2025,+ACI-43,38+ACI-,+ACI-43,59+ACI-,+ACI-0,48+ACI-
CAC 40 (Parigi),CAC,28/02/2025,+ACI-43,98+ACI-,+ACI-43,98+ACI-,+ACI-0,00+ACI-
CAC 40 (Parigi),CAC,03/03/2025,+ACI-44,04+ACI-,+ACI-43,70+ACI-,+ACI-+AC0-0,77+ACI-
CAC 40 (Parigi),CAC,04/03/2025,+ACI-43,22+ACI-,+ACI-42,44+ACI-,+ACI-+AC0-1,80+ACI-
CAC 40 (Parigi),CAC,05/03/2025,+ACI-42,93+ACI-,+ACI-42,14+ACI-,+ACI-+AC0-1,84+ACI-
CAC 40 (Parigi),CAC,06/03/2025,+ACI-41,87+ACI-,+ACI-41,71+ACI-,+ACI-+AC0-0,38+ACI-
CAC 40 (Parigi),CAC,07/03/2025,+ACI-41,60+ACI-,+ACI-41,47+ACI-,+ACI-+AC0-0,31+ACI-
CAC 40 (Parigi),CAC,10/03/2025,+ACI-41,04+ACI-,+ACI-40,28+ACI-,+ACI-+AC0-1,85+ACI-
CAC 40 (Parigi),CAC,11/03/2025,+ACI-40,41+ACI-,+ACI-40,32+ACI-,+ACI-+AC0-0,22+ACI-
CAC 40 (Parigi),CAC,12/03/2025,+ACI-40,69+ACI-,+ACI-40,87+ACI-,+ACI-0,44+ACI-
CAC 40 (Parigi),CAC,13/03/2025,+ACI-40,86+ACI-,+ACI-40,68+ACI-,+ACI-+AC0-0,44+ACI-
CAC 40 (Parigi),CAC,14/03/2025,+ACI-41,23+ACI-,+ACI-41,31+ACI-,+ACI-0,19+ACI-
CAC 40 (Parigi),CAC,17/03/2025,+ACI-41,29+ACI-,+ACI-41,43+ACI-,+ACI-0,34+ACI-
CAC 40 (Parigi),CAC,18/03/2025,+ACI-41,33+ACI-,+ACI-41,79+ACI-,+ACI-1,11+ACI-
CAC 40 (Parigi),CAC,19/03/2025,+ACI-41,65+ACI-,+ACI-41,82+ACI-,+ACI-0,41+ACI-
CAC 40 (Parigi),CAC,20/03/2025,+ACI-41,47+ACI-,+ACI-41,44+ACI-,+ACI-+AC0-0,07+ACI-
CAC 40 (Parigi),CAC,21/03/2025,+ACI-41,20+ACI-,+ACI-41,04+ACI-,+ACI-+AC0-0,39+ACI-
CAC 40 (Parigi),CAC,24/03/2025,+ACI-41,64+ACI-,+ACI-42,01+ACI-,+ACI-0,89+ACI-
CAC 40 (Parigi),CAC,25/03/2025,+ACI-42,16+ACI-,+ACI-41,54+ACI-,+ACI-+AC0-1,47+ACI-
CAC 40 (Parigi),CAC,26/03/2025,+ACI-42,00+ACI-,+ACI-41,50+ACI-,+ACI-+AC0-1,19+ACI-
CAC 40 (Parigi),CAC,27/03/2025,+ACI-42,17+ACI-,+ACI-41,45+ACI-,+ACI-+AC0-1,71+ACI-
CAC 40 (Parigi),CAC,28/03/2025,+ACI-41,29+ACI-,+ACI-40,61+ACI-,+ACI-+AC0-1,65+ACI-
CAC 40 (Parigi),CAC,31/03/2025,+ACI-40,02+ACI-,+ACI-40,47+ACI-,+ACI-1,12+ACI-
CAC 40 (Parigi),CAC,01/04/2025,+ACI-40,30+ACI-,+ACI-40,23+ACI-,+ACI-+AC0-0,17+ACI-
CAC 40 (Parigi),CAC,02/04/2025,+ACI-39,76+ACI-,+ACI-40,31+ACI-,+ACI-1,38+ACI-
CAC 40 (Parigi),CAC,03/04/2025,+ACI-38,93+ACI-,+ACI-37,28+ACI-,+ACI-+AC0-4,24+ACI-
CAC 40 (Parigi),CAC,04/04/2025,+ACI-36,00+ACI-,+ACI-36,46+ACI-,+ACI-1,28+ACI-
Cina (generico),FIX,02/01/2025,+ACI-429,54+ACI-,+ACI-428,50+ACI-,+ACI-+AC0-0,24+ACI-
Cina (generico),FIX,03/01/2025,+ACI-430,00+ACI-,+ACI-448,55+ACI-,+ACI-4,31+ACI-
Cina (generico),FIX,06/01/2025,+ACI-455,01+ACI-,+ACI-456,03+ACI-,+ACI-0,22+ACI-
Cina (generico),FIX,07/01/2025,+ACI-457,22+ACI-,+ACI-452,76+ACI-,+ACI-+AC0-0,98+ACI-
Cina (generico),FIX,08/01/2025,+ACI-452,62+ACI-,+ACI-450,27+ACI-,+ACI-+AC0-0,52+ACI-
Cina (generico),FIX,10/01/2025,+ACI-444,41+ACI-,+ACI-440,05+ACI-,+ACI-+AC0-0,98+ACI-
Cina (generico),FIX,13/01/2025,+ACI-432,44+ACI-,+ACI-439,16+ACI-,+ACI-1,55+ACI-
Cina (generico),FIX,14/01/2025,+ACI-446,19+ACI-,+ACI-466,43+ACI-,+ACI-4,54+ACI-
Cina (generico),FIX,15/01/2025,+ACI-480,97+ACI-,+ACI-493,90+ACI-,+ACI-2,69+ACI-
Cina (generico),FIX,16/01/2025,+ACI-498,57+ACI-,+ACI-505,15+ACI-,+ACI-1,32+ACI-
Cina (generico),FIX,17/01/2025,+ACI-508,44+ACI-,+ACI-503,78+ACI-,+ACI-+AC0-0,92+ACI-
Cina (generico),FIX,21/01/2025,+ACI-515,00+ACI-,+ACI-529,22+ACI-,+ACI-2,76+ACI-
Cina (generico),FIX,22/01/2025,+ACI-541,03+ACI-,+ACI-550,27+ACI-,+ACI-1,71+ACI-
Cina (generico),FIX,23/01/2025,+ACI-543,39+ACI-,+ACI-547,31+ACI-,+ACI-0,72+ACI-
Cina (generico),FIX,24/01/2025,+ACI-550,38+ACI-,+ACI-544,16+ACI-,+ACI-+AC0-1,13+ACI-
Cina (generico),FIX,27/01/2025,+ACI-484,03+ACI-,+ACI-404,24+ACI-,+ACI-+AC0-16,48+ACI-
Cina (generico),FIX,28/01/2025,+ACI-416,46+ACI-,+ACI-416,18+ACI-,+ACI-+AC0-0,07+ACI-
Cina (generico),FIX,29/01/2025,+ACI-428,88+ACI-,+ACI-426,40+ACI-,+ACI-+AC0-0,58+ACI-
Cina (generico),FIX,30/01/2025,+ACI-435,70+ACI-,+ACI-433,86+ACI-,+ACI-+AC0-0,42+ACI-
Cina (generico),FIX,31/01/2025,+ACI-436,97+ACI-,+ACI-436,75+ACI-,+ACI-+AC0-0,05+ACI-
Cina (generico),FIX,03/02/2025,+ACI-416,07+ACI-,+ACI-427,05+ACI-,+ACI-2,64+ACI-
Cina (generico),FIX,04/02/2025,+ACI-430,03+ACI-,+ACI-425,06+ACI-,+ACI-+AC0-1,16+ACI-
Cina (generico),FIX,05/02/2025,+ACI-426,82+ACI-,+ACI-445,29+ACI-,+ACI-4,33+ACI-
Cina (generico),FIX,06/02/2025,+ACI-452,66+ACI-,+ACI-469,75+ACI-,+ACI-3,78+ACI-
Cina (generico),FIX,07/02/2025,+ACI-473,18+ACI-,+ACI-460,06+ACI-,+ACI-+AC0-2,77+ACI-
Cina (generico),FIX,10/02/2025,+ACI-461,90+ACI-,+ACI-464,92+ACI-,+ACI-0,65+ACI-
Cina (generico),FIX,11/02/2025,+ACI-460,00+ACI-,+ACI-434,63+ACI-,+ACI-+AC0-5,52+ACI-
Cina (generico),FIX,12/02/2025,+ACI-412,06+ACI-,+ACI-398,32+ACI-,+ACI-+AC0-3,33+ACI-
Cina (generico),FIX,13/02/2025,+ACI-403,70+ACI-,+ACI-395,05+ACI-,+ACI-+AC0-2,14+ACI-
Cina (generico),FIX,14/02/2025,+ACI-395,60+ACI-,+ACI-391,22+ACI-,+ACI-+AC0-1,11+ACI-
Cina (generico),FIX,18/02/2025,+ACI-392,00+ACI-,+ACI-394,59+ACI-,+ACI-0,66+ACI-
Cina (generico),FIX,19/02/2025,+ACI-390,11+ACI-,+ACI-395,86+ACI-,+ACI-1,47+ACI-
Cina (generico),FIX,20/02/2025,+ACI-395,00+ACI-,+ACI-382,13+ACI-,+ACI-+AC0-3,26+ACI-
Cina (generico),FIX,21/02/2025,+ACI-411,56+ACI-,+ACI-364,00+ACI-,+ACI-+AC0-11,56+ACI-
Cina (generico),FIX,24/02/2025,+ACI-373,74+ACI-,+ACI-358,54+ACI-,+ACI-+AC0-4,07+ACI-
Cina (generico),FIX,25/02/2025,+ACI-356,68+ACI-,+ACI-367,59+ACI-,+ACI-3,06+ACI-
Cina (generico),FIX,26/02/2025,+ACI-384,28+ACI-,+ACI-374,80+ACI-,+ACI-+AC0-2,47+ACI-
Cina (generico),FIX,27/02/2025,+ACI-378,34+ACI-,+ACI-356,63+ACI-,+ACI-+AC0-5,74+ACI-
Cina (generico),FIX,28/02/2025,+ACI-354,37+ACI-,+ACI-363,33+ACI-,+ACI-2,53+ACI-
Cina (generico),FIX,03/03/2025,+ACI-364,60+ACI-,+ACI-345,58+ACI-,+ACI-+AC0-5,22+ACI-
Cina (generico),FIX,04/03/2025,+ACI-332,00+ACI-,+ACI-339,17+ACI-,+ACI-2,16+ACI-
Cina (generico),FIX,05/03/2025,+ACI-342,54+ACI-,+ACI-348,68+ACI-,+ACI-1,79+ACI-
Cina (generico),FIX,06/03/2025,+ACI-337,46+ACI-,+ACI-328,10+ACI-,+ACI-+AC0-2,77+ACI-
Cina (generico),FIX,07/03/2025,+ACI-330,23+ACI-,+ACI-324,24+ACI-,+ACI-+AC0-1,81+ACI-
Cina (generico),FIX,10/03/2025,+ACI-311,80+ACI-,+ACI-313,26+ACI-,+ACI-0,47+ACI-
Cina (generico),FIX,11/03/2025,+ACI-313,38+ACI-,+ACI-324,58+ACI-,+ACI-3,57+ACI-
Cina (generico),FIX,12/03/2025,+ACI-339,65+ACI-,+ACI-335,92+ACI-,+ACI-+AC0-1,10+ACI-
Cina (generico),FIX,13/03/2025,+ACI-334,92+ACI-,+ACI-327,25+ACI-,+ACI-+AC0-2,29+ACI-
Cina (generico),FIX,14/03/2025,+ACI-335,65+ACI-,+ACI-341,13+ACI-,+ACI-1,63+ACI-
Cina (generico),FIX,17/03/2025,+ACI-339,00+ACI-,+ACI-346,35+ACI-,+ACI-2,17+ACI-
Cina (generico),FIX,18/03/2025,+ACI-342,20+ACI-,+ACI-339,30+ACI-,+ACI-+AC0-0,85+ACI-
Cina (generico),FIX,19/03/2025,+ACI-342,65+ACI-,+ACI-357,53+ACI-,+ACI-4,34+ACI-
Cina (generico),FIX,20/03/2025,+ACI-354,74+ACI-,+ACI-356,79+ACI-,+ACI-0,58+ACI-
Cina (generico),FIX,21/03/2025,+ACI-350,57+ACI-,+ACI-352,15+ACI-,+ACI-0,45+ACI-
Cina (generico),FIX,24/03/2025,+ACI-366,56+ACI-,+ACI-379,24+ACI-,+ACI-3,46+ACI-
Cina (generico),FIX,25/03/2025,+ACI-377,86+ACI-,+ACI-373,06+ACI-,+ACI-+AC0-1,27+ACI-
Cina (generico),FIX,26/03/2025,+ACI-371,77+ACI-,+ACI-345,61+ACI-,+ACI-+AC0-7,04+ACI-
Cina (generico),FIX,27/03/2025,+ACI-342,85+ACI-,+ACI-332,28+ACI-,+ACI-+AC0-3,08+ACI-
Cina (generico),FIX,28/03/2025,+ACI-328,45+ACI-,+ACI-324,11+ACI-,+ACI-+AC0-1,32+ACI-
Cina (generico),FIX,31/03/2025,+ACI-312,79+ACI-,+ACI-322,33+ACI-,+ACI-3,05+ACI-
Cina (generico),FIX,01/04/2025,+ACI-320,46+ACI-,+ACI-330,00+ACI-,+ACI-2,98+ACI-
Cina (generico),FIX,02/04/2025,+ACI-320,18+ACI-,+ACI-342,28+ACI-,+ACI-6,90+ACI-
Cina (generico),FIX,03/04/2025,+ACI-315,28+ACI-,+ACI-311,37+ACI-,+ACI-+AC0-1,24+ACI-
Cina (generico),FIX,04/04/2025,+ACI-296,70+ACI-,+ACI-296,51+ACI-,+ACI-+AC0-0,06+ACI-
Apple,AAPL,02/01/2025,+ACI-248,93+ACI-,+ACI-243,85+ACI-,+ACI-+AC0-2,04+ACI-
Apple,AAPL,03/01/2025,+ACI-243,36+ACI-,+ACI-243,36+ACI-,+ACI-0,00+ACI-
Apple,AAPL,06/01/2025,+ACI-244,31+ACI-,+ACI-245,00+ACI-,+ACI-0,28+ACI-
Apple,AAPL,07/01/2025,+ACI-242,98+ACI-,+ACI-242,21+ACI-,+ACI-+AC0-0,32+ACI-
Apple,AAPL,08/01/2025,+ACI-241,92+ACI-,+ACI-242,70+ACI-,+ACI-0,32+ACI-
Apple,AAPL,10/01/2025,+ACI-240,01+ACI-,+ACI-236,85+ACI-,+ACI-+AC0-1,32+ACI-
Apple,AAPL,13/01/2025,+ACI-233,53+ACI-,+ACI-234,40+ACI-,+ACI-0,37+ACI-
Apple,AAPL,14/01/2025,+ACI-234,75+ACI-,+ACI-233,28+ACI-,+ACI-+AC0-0,63+ACI-
Apple,AAPL,15/01/2025,+ACI-234,64+ACI-,+ACI-237,87+ACI-,+ACI-1,38+ACI-
Apple,AAPL,16/01/2025,+ACI-237,35+ACI-,+ACI-228,26+ACI-,+ACI-+AC0-3,83+ACI-
Apple,AAPL,17/01/2025,+ACI-232,12+ACI-,+ACI-229,98+ACI-,+ACI-+AC0-0,92+ACI-
Apple,AAPL,21/01/2025,+ACI-224,00+ACI-,+ACI-222,64+ACI-,+ACI-+AC0-0,61+ACI-
Apple,AAPL,22/01/2025,+ACI-219,79+ACI-,+ACI-223,83+ACI-,+ACI-1,84+ACI-
Apple,AAPL,23/01/2025,+ACI-224,74+ACI-,+ACI-223,66+ACI-,+ACI-+AC0-0,48+ACI-
Apple,AAPL,24/01/2025,+ACI-224,78+ACI-,+ACI-222,78+ACI-,+ACI-+AC0-0,89+ACI-
Apple,AAPL,27/01/2025,+ACI-224,02+ACI-,+ACI-229,86+ACI-,+ACI-2,61+ACI-
Apple,AAPL,28/01/2025,+ACI-230,85+ACI-,+ACI-238,26+ACI-,+ACI-3,21+ACI-
Apple,AAPL,29/01/2025,+ACI-234,12+ACI-,+ACI-239,36+ACI-,+ACI-2,24+ACI-
Apple,AAPL,30/01/2025,+ACI-238,67+ACI-,+ACI-237,59+ACI-,+ACI-+AC0-0,45+ACI-
Apple,AAPL,31/01/2025,+ACI-247,19+ACI-,+ACI-236,00+ACI-,+ACI-+AC0-4,53+ACI-
Apple,AAPL,03/02/2025,+ACI-229,99+ACI-,+ACI-228,01+ACI-,+ACI-+AC0-0,86+ACI-
Apple,AAPL,04/02/2025,+ACI-227,25+ACI-,+ACI-232,80+ACI-,+ACI-2,44+ACI-
Apple,AAPL,05/02/2025,+ACI-228,53+ACI-,+ACI-232,47+ACI-,+ACI-1,72+ACI-
Apple,AAPL,06/02/2025,+ACI-231,29+ACI-,+ACI-233,22+ACI-,+ACI-0,83+ACI-
Apple,AAPL,07/02/2025,+ACI-232,60+ACI-,+ACI-227,63+ACI-,+ACI-+AC0-2,14+ACI-
Apple,AAPL,10/02/2025,+ACI-229,57+ACI-,+ACI-227,65+ACI-,+ACI-+AC0-0,84+ACI-
Apple,AAPL,11/02/2025,+ACI-228,20+ACI-,+ACI-232,62+ACI-,+ACI-1,94+ACI-
Apple,AAPL,12/02/2025,+ACI-231,20+ACI-,+ACI-236,87+ACI-,+ACI-2,45+ACI-
Apple,AAPL,13/02/2025,+ACI-236,91+ACI-,+ACI-241,53+ACI-,+ACI-1,95+ACI-
Apple,AAPL,14/02/2025,+ACI-241,25+ACI-,+ACI-244,60+ACI-,+ACI-1,39+ACI-
Apple,AAPL,18/02/2025,+ACI-244,15+ACI-,+ACI-244,47+ACI-,+ACI-0,13+ACI-
Apple,AAPL,19/02/2025,+ACI-244,66+ACI-,+ACI-244,87+ACI-,+ACI-0,09+ACI-
Apple,AAPL,20/02/2025,+ACI-244,94+ACI-,+ACI-245,83+ACI-,+ACI-0,36+ACI-
Apple,AAPL,21/02/2025,+ACI-245,95+ACI-,+ACI-245,55+ACI-,+ACI-+AC0-0,16+ACI-
Apple,AAPL,24/02/2025,+ACI-244,93+ACI-,+ACI-247,10+ACI-,+ACI-0,89+ACI-
Apple,AAPL,25/02/2025,+ACI-248,00+ACI-,+ACI-247,04+ACI-,+ACI-+AC0-0,39+ACI-
Apple,AAPL,26/02/2025,+ACI-244,33+ACI-,+ACI-240,36+ACI-,+ACI-+AC0-1,62+ACI-
Apple,AAPL,27/02/2025,+ACI-239,41+ACI-,+ACI-237,30+ACI-,+ACI-+AC0-0,88+ACI-
Apple,AAPL,28/02/2025,+ACI-236,95+ACI-,+ACI-241,84+ACI-,+ACI-2,06+ACI-
Apple,AAPL,03/03/2025,+ACI-241,79+ACI-,+ACI-238,03+ACI-,+ACI-+AC0-1,56+ACI-
Apple,AAPL,04/03/2025,+ACI-237,71+ACI-,+ACI-235,93+ACI-,+ACI-+AC0-0,75+ACI-
Apple,AAPL,05/03/2025,+ACI-235,42+ACI-,+ACI-235,74+ACI-,+ACI-0,14+ACI-
Apple,AAPL,06/03/2025,+ACI-234,44+ACI-,+ACI-235,33+ACI-,+ACI-0,38+ACI-
Apple,AAPL,07/03/2025,+ACI-235,11+ACI-,+ACI-239,07+ACI-,+ACI-1,68+ACI-
Apple,AAPL,10/03/2025,+ACI-235,54+ACI-,+ACI-227,48+ACI-,+ACI-+AC0-3,42+ACI-
Apple,AAPL,11/03/2025,+ACI-223,81+ACI-,+ACI-220,84+ACI-,+ACI-+AC0-1,33+ACI-
Apple,AAPL,12/03/2025,+ACI-220,14+ACI-,+ACI-216,98+ACI-,+ACI-+AC0-1,44+ACI-
Apple,AAPL,13/03/2025,+ACI-215,95+ACI-,+ACI-209,68+ACI-,+ACI-+AC0-2,90+ACI-
Apple,AAPL,14/03/2025,+ACI-211,25+ACI-,+ACI-213,49+ACI-,+ACI-1,06+ACI-
Apple,AAPL,17/03/2025,+ACI-213,31+ACI-,+ACI-214,00+ACI-,+ACI-0,32+ACI-
Apple,AAPL,18/03/2025,+ACI-214,16+ACI-,+ACI-212,69+ACI-,+ACI-+AC0-0,69+ACI-
Apple,AAPL,19/03/2025,+ACI-214,22+ACI-,+ACI-215,24+ACI-,+ACI-0,48+ACI-
Apple,AAPL,20/03/2025,+ACI-213,99+ACI-,+ACI-214,10+ACI-,+ACI-0,05+ACI-
Apple,AAPL,21/03/2025,+ACI-211,56+ACI-,+ACI-218,27+ACI-,+ACI-3,17+ACI-
Apple,AAPL,24/03/2025,+ACI-221,00+ACI-,+ACI-220,73+ACI-,+ACI-+AC0-0,12+ACI-
Apple,AAPL,25/03/2025,+ACI-220,77+ACI-,+ACI-223,75+ACI-,+ACI-1,35+ACI-
Apple,AAPL,26/03/2025,+ACI-223,51+ACI-,+ACI-221,53+ACI-,+ACI-+AC0-0,89+ACI-
Apple,AAPL,27/03/2025,+ACI-221,39+ACI-,+ACI-223,85+ACI-,+ACI-1,11+ACI-
Apple,AAPL,28/03/2025,+ACI-221,67+ACI-,+ACI-217,90+ACI-,+ACI-+AC0-1,70+ACI-
Apple,AAPL,31/03/2025,+ACI-217,01+ACI-,+ACI-222,13+ACI-,+ACI-2,36+ACI-
Apple,AAPL,01/04/2025,+ACI-219,81+ACI-,+ACI-223,19+ACI-,+ACI-1,54+ACI-
Apple,AAPL,02/04/2025,+ACI-221,32+ACI-,+ACI-223,89+ACI-,+ACI-1,16+ACI-
Apple,AAPL,03/04/2025,+ACI-205,54+ACI-,+ACI-203,19+ACI-,+ACI-+AC0-1,14+ACI-
Apple,AAPL,04/04/2025,+ACI-193,89+ACI-,+ACI-188,38+ACI-,+ACI-+AC0-2,84+ACI-
Amazon,AMZN,02/01/2025,+ACI-222,03+ACI-,+ACI-220,22+ACI-,+ACI-+AC0-0,82+ACI-
Amazon,AMZN,03/01/2025,+ACI-222,51+ACI-,+ACI-224,19+ACI-,+ACI-0,76+ACI-
Amazon,AMZN,06/01/2025,+ACI-226,78+ACI-,+ACI-227,61+ACI-,+ACI-0,37+ACI-
Amazon,AMZN,07/01/2025,+ACI-227,90+ACI-,+ACI-222,11+ACI-,+ACI-+AC0-2,54+ACI-
Amazon,AMZN,08/01/2025,+ACI-223,19+ACI-,+ACI-222,13+ACI-,+ACI-+AC0-0,47+ACI-
Amazon,AMZN,10/01/2025,+ACI-221,46+ACI-,+ACI-218,94+ACI-,+ACI-+AC0-1,14+ACI-
Amazon,AMZN,13/01/2025,+ACI-218,06+ACI-,+ACI-218,46+ACI-,+ACI-0,18+ACI-
Amazon,AMZN,14/01/2025,+ACI-220,44+ACI-,+ACI-217,76+ACI-,+ACI-+AC0-1,22+ACI-
Amazon,AMZN,15/01/2025,+ACI-222,83+ACI-,+ACI-223,35+ACI-,+ACI-0,23+ACI-
Amazon,AMZN,16/01/2025,+ACI-224,42+ACI-,+ACI-220,66+ACI-,+ACI-+AC0-1,68+ACI-
Amazon,AMZN,17/01/2025,+ACI-225,84+ACI-,+ACI-225,94+ACI-,+ACI-0,04+ACI-
Amazon,AMZN,21/01/2025,+ACI-228,90+ACI-,+ACI-230,71+ACI-,+ACI-0,79+ACI-
Amazon,AMZN,22/01/2025,+ACI-232,02+ACI-,+ACI-235,01+ACI-,+ACI-1,29+ACI-
Amazon,AMZN,23/01/2025,+ACI-234,10+ACI-,+ACI-235,42+ACI-,+ACI-0,56+ACI-
Amazon,AMZN,24/01/2025,+ACI-234,50+ACI-,+ACI-234,85+ACI-,+ACI-0,15+ACI-
Amazon,AMZN,27/01/2025,+ACI-226,21+ACI-,+ACI-235,42+ACI-,+ACI-4,07+ACI-
Amazon,AMZN,28/01/2025,+ACI-234,29+ACI-,+ACI-238,15+ACI-,+ACI-1,65+ACI-
Amazon,AMZN,29/01/2025,+ACI-239,02+ACI-,+ACI-237,07+ACI-,+ACI-+AC0-0,82+ACI-
Amazon,AMZN,30/01/2025,+ACI-237,14+ACI-,+ACI-234,64+ACI-,+ACI-+AC0-1,05+ACI-
Amazon,AMZN,31/01/2025,+ACI-236,50+ACI-,+ACI-237,68+ACI-,+ACI-0,50+ACI-
Amazon,AMZN,03/02/2025,+ACI-234,06+ACI-,+ACI-237,42+ACI-,+ACI-1,44+ACI-
Amazon,AMZN,04/02/2025,+ACI-239,01+ACI-,+ACI-242,06+ACI-,+ACI-1,28+ACI-
Amazon,AMZN,05/02/2025,+ACI-237,02+ACI-,+ACI-236,17+ACI-,+ACI-+AC0-0,36+ACI-
Amazon,AMZN,06/02/2025,+ACI-238,01+ACI-,+ACI-238,83+ACI-,+ACI-0,34+ACI-
Amazon,AMZN,07/02/2025,+ACI-232,50+ACI-,+ACI-229,15+ACI-,+ACI-+AC0-1,44+ACI-
Amazon,AMZN,10/02/2025,+ACI-230,55+ACI-,+ACI-233,14+ACI-,+ACI-1,12+ACI-
Amazon,AMZN,11/02/2025,+ACI-231,92+ACI-,+ACI-232,76+ACI-,+ACI-0,36+ACI-
Amazon,AMZN,12/02/2025,+ACI-230,46+ACI-,+ACI-228,93+ACI-,+ACI-+AC0-0,66+ACI-
Amazon,AMZN,13/02/2025,+ACI-228,85+ACI-,+ACI-230,37+ACI-,+ACI-0,66+ACI-
Amazon,AMZN,14/02/2025,+ACI-229,20+ACI-,+ACI-228,68+ACI-,+ACI-+AC0-0,23+ACI-
Amazon,AMZN,18/02/2025,+ACI-228,82+ACI-,+ACI-226,65+ACI-,+ACI-+AC0-0,95+ACI-
Amazon,AMZN,19/02/2025,+ACI-225,52+ACI-,+ACI-226,63+ACI-,+ACI-0,49+ACI-
Amazon,AMZN,20/02/2025,+ACI-224,78+ACI-,+ACI-222,88+ACI-,+ACI-+AC0-0,85+ACI-
Amazon,AMZN,21/02/2025,+ACI-223,28+ACI-,+ACI-216,58+ACI-,+ACI-+AC0-3,00+ACI-
Amazon,AMZN,24/02/2025,+ACI-217,45+ACI-,+ACI-212,71+ACI-,+ACI-+AC0-2,18+ACI-
Amazon,AMZN,25/02/2025,+ACI-211,63+ACI-,+ACI-212,80+ACI-,+ACI-0,55+ACI-
Amazon,AMZN,26/02/2025,+ACI-214,94+ACI-,+ACI-214,35+ACI-,+ACI-+AC0-0,27+ACI-
Amazon,AMZN,27/02/2025,+ACI-218,35+ACI-,+ACI-208,74+ACI-,+ACI-+AC0-4,40+ACI-
Amazon,AMZN,28/02/2025,+ACI-208,65+ACI-,+ACI-212,28+ACI-,+ACI-1,74+ACI-
Amazon,AMZN,03/03/2025,+ACI-213,35+ACI-,+ACI-205,02+ACI-,+ACI-+AC0-3,90+ACI-
Amazon,AMZN,04/03/2025,+ACI-200,11+ACI-,+ACI-203,80+ACI-,+ACI-1,84+ACI-
Amazon,AMZN,05/03/2025,+ACI-204,80+ACI-,+ACI-208,36+ACI-,+ACI-1,74+ACI-
Amazon,AMZN,06/03/2025,+ACI-204,40+ACI-,+ACI-200,70+ACI-,+ACI-+AC0-1,81+ACI-
Amazon,AMZN,07/03/2025,+ACI-199,49+ACI-,+ACI-199,25+ACI-,+ACI-+AC0-0,12+ACI-
Amazon,AMZN,10/03/2025,+ACI-195,60+ACI-,+ACI-194,54+ACI-,+ACI-+AC0-0,54+ACI-
Amazon,AMZN,11/03/2025,+ACI-193,90+ACI-,+ACI-196,59+ACI-,+ACI-1,39+ACI-
Amazon,AMZN,12/03/2025,+ACI-200,72+ACI-,+ACI-198,89+ACI-,+ACI-+AC0-0,91+ACI-
Amazon,AMZN,13/03/2025,+ACI-198,17+ACI-,+ACI-193,89+ACI-,+ACI-+AC0-2,16+ACI-
Amazon,AMZN,14/03/2025,+ACI-197,41+ACI-,+ACI-197,95+ACI-,+ACI-0,27+ACI-
Amazon,AMZN,17/03/2025,+ACI-198,77+ACI-,+ACI-195,74+ACI-,+ACI-+AC0-1,52+ACI-
Amazon,AMZN,18/03/2025,+ACI-192,52+ACI-,+ACI-192,82+ACI-,+ACI-0,16+ACI-
Amazon,AMZN,19/03/2025,+ACI-193,38+ACI-,+ACI-195,54+ACI-,+ACI-1,12+ACI-
Amazon,AMZN,20/03/2025,+ACI-193,07+ACI-,+ACI-194,95+ACI-,+ACI-0,97+ACI-
Amazon,AMZN,21/03/2025,+ACI-192,90+ACI-,+ACI-196,21+ACI-,+ACI-1,72+ACI-
Amazon,AMZN,24/03/2025,+ACI-200,00+ACI-,+ACI-203,26+ACI-,+ACI-1,63+ACI-
Amazon,AMZN,25/03/2025,+ACI-203,60+ACI-,+ACI-205,71+ACI-,+ACI-1,04+ACI-
Amazon,AMZN,26/03/2025,+ACI-205,84+ACI-,+ACI-201,13+ACI-,+ACI-+AC0-2,29+ACI-
Amazon,AMZN,27/03/2025,+ACI-200,89+ACI-,+ACI-201,36+ACI-,+ACI-0,23+ACI-
Amazon,AMZN,28/03/2025,+ACI-198,42+ACI-,+ACI-192,72+ACI-,+ACI-+AC0-2,87+ACI-
Amazon,AMZN,31/03/2025,+ACI-188,19+ACI-,+ACI-190,26+ACI-,+ACI-1,10+ACI-
Amazon,AMZN,01/04/2025,+ACI-187,86+ACI-,+ACI-192,17+ACI-,+ACI-2,29+ACI-
Amazon,AMZN,02/04/2025,+ACI-187,66+ACI-,+ACI-196,01+ACI-,+ACI-4,45+ACI-
Amazon,AMZN,03/04/2025,+ACI-183,00+ACI-,+ACI-178,41+ACI-,+ACI-+AC0-2,51+ACI-
Amazon,AMZN,04/04/2025,+ACI-167,15+ACI-,+ACI-171,00+ACI-,+ACI-2,30+ACI-
Microsoft,MSFT,02/01/2025,+ACI-425,53+ACI-,+ACI-418,58+ACI-,+ACI-+AC0-1,63+ACI-
Microsoft,MSFT,03/01/2025,+ACI-421,08+ACI-,+ACI-423,35+ACI-,+ACI-0,54+ACI-
Microsoft,MSFT,06/01/2025,+ACI-428,00+ACI-,+ACI-427,85+ACI-,+ACI-+AC0-0,04+ACI-
Microsoft,MSFT,07/01/2025,+ACI-429,00+ACI-,+ACI-422,37+ACI-,+ACI-+AC0-1,55+ACI-
Microsoft,MSFT,08/01/2025,+ACI-423,46+ACI-,+ACI-424,56+ACI-,+ACI-0,26+ACI-
Microsoft,MSFT,10/01/2025,+ACI-424,63+ACI-,+ACI-418,95+ACI-,+ACI-+AC0-1,34+ACI-
Microsoft,MSFT,13/01/2025,+ACI-415,24+ACI-,+ACI-417,19+ACI-,+ACI-0,47+ACI-
Microsoft,MSFT,14/01/2025,+ACI-417,81+ACI-,+ACI-415,67+ACI-,+ACI-+AC0-0,51+ACI-
Microsoft,MSFT,15/01/2025,+ACI-419,13+ACI-,+ACI-426,31+ACI-,+ACI-1,71+ACI-
Microsoft,MSFT,16/01/2025,+ACI-428,70+ACI-,+ACI-424,58+ACI-,+ACI-+AC0-0,96+ACI-
Microsoft,MSFT,17/01/2025,+ACI-434,09+ACI-,+ACI-429,03+ACI-,+ACI-+AC0-1,17+ACI-
Microsoft,MSFT,21/01/2025,+ACI-430,20+ACI-,+ACI-428,50+ACI-,+ACI-+AC0-0,40+ACI-
Microsoft,MSFT,22/01/2025,+ACI-437,56+ACI-,+ACI-446,20+ACI-,+ACI-1,97+ACI-
Microsoft,MSFT,23/01/2025,+ACI-442,00+ACI-,+ACI-446,71+ACI-,+ACI-1,07+ACI-
Microsoft,MSFT,24/01/2025,+ACI-445,16+ACI-,+ACI-444,06+ACI-,+ACI-+AC0-0,25+ACI-
Microsoft,MSFT,27/01/2025,+ACI-424,01+ACI-,+ACI-434,56+ACI-,+ACI-2,49+ACI-
Microsoft,MSFT,28/01/2025,+ACI-434,60+ACI-,+ACI-447,20+ACI-,+ACI-2,90+ACI-
Microsoft,MSFT,29/01/2025,+ACI-446,69+ACI-,+ACI-442,33+ACI-,+ACI-+AC0-0,98+ACI-
Microsoft,MSFT,30/01/2025,+ACI-418,77+ACI-,+ACI-414,99+ACI-,+ACI-+AC0-0,90+ACI-
Microsoft,MSFT,31/01/2025,+ACI-418,98+ACI-,+ACI-415,06+ACI-,+ACI-+AC0-0,94+ACI-
Microsoft,MSFT,03/02/2025,+ACI-411,60+ACI-,+ACI-410,92+ACI-,+ACI-+AC0-0,17+ACI-
Microsoft,MSFT,04/02/2025,+ACI-412,69+ACI-,+ACI-412,37+ACI-,+ACI-+AC0-0,08+ACI-
Microsoft,MSFT,05/02/2025,+ACI-412,35+ACI-,+ACI-413,29+ACI-,+ACI-0,23+ACI-
Microsoft,MSFT,06/02/2025,+ACI-414,00+ACI-,+ACI-415,82+ACI-,+ACI-0,44+ACI-
Microsoft,MSFT,07/02/2025,+ACI-416,48+ACI-,+ACI-409,75+ACI-,+ACI-+AC0-1,62+ACI-
Microsoft,MSFT,10/02/2025,+ACI-413,71+ACI-,+ACI-412,22+ACI-,+ACI-+AC0-0,36+ACI-
Microsoft,MSFT,11/02/2025,+ACI-409,64+ACI-,+ACI-411,44+ACI-,+ACI-0,44+ACI-
Microsoft,MSFT,12/02/2025,+ACI-407,21+ACI-,+ACI-409,04+ACI-,+ACI-0,45+ACI-
Microsoft,MSFT,13/02/2025,+ACI-407,00+ACI-,+ACI-410,54+ACI-,+ACI-0,87+ACI-
Microsoft,MSFT,14/02/2025,+ACI-407,79+ACI-,+ACI-408,43+ACI-,+ACI-0,16+ACI-
Microsoft,MSFT,18/02/2025,+ACI-408,00+ACI-,+ACI-409,64+ACI-,+ACI-0,40+ACI-
Microsoft,MSFT,19/02/2025,+ACI-407,88+ACI-,+ACI-414,77+ACI-,+ACI-1,69+ACI-
Microsoft,MSFT,20/02/2025,+ACI-415,29+ACI-,+ACI-416,13+ACI-,+ACI-0,20+ACI-
Microsoft,MSFT,21/02/2025,+ACI-417,34+ACI-,+ACI-408,21+ACI-,+ACI-+AC0-2,19+ACI-
Microsoft,MSFT,24/02/2025,+ACI-408,51+ACI-,+ACI-404,00+ACI-,+ACI-+AC0-1,10+ACI-
Microsoft,MSFT,25/02/2025,+ACI-401,10+ACI-,+ACI-397,90+ACI-,+ACI-+AC0-0,80+ACI-
Microsoft,MSFT,26/02/2025,+ACI-398,01+ACI-,+ACI-399,73+ACI-,+ACI-0,43+ACI-
Microsoft,MSFT,27/02/2025,+ACI-401,27+ACI-,+ACI-392,53+ACI-,+ACI-+AC0-2,18+ACI-
Microsoft,MSFT,28/02/2025,+ACI-392,66+ACI-,+ACI-396,99+ACI-,+ACI-1,10+ACI-
Microsoft,MSFT,03/03/2025,+ACI-398,82+ACI-,+ACI-388,49+ACI-,+ACI-+AC0-2,59+ACI-
Microsoft,MSFT,04/03/2025,+ACI-383,40+ACI-,+ACI-388,61+ACI-,+ACI-1,36+ACI-
Microsoft,MSFT,05/03/2025,+ACI-389,34+ACI-,+ACI-401,02+ACI-,+ACI-3,00+ACI-
Microsoft,MSFT,06/03/2025,+ACI-394,28+ACI-,+ACI-396,89+ACI-,+ACI-0,66+ACI-
Microsoft,MSFT,07/03/2025,+ACI-392,32+ACI-,+ACI-393,31+ACI-,+ACI-0,25+ACI-
Microsoft,MSFT,10/03/2025,+ACI-385,84+ACI-,+ACI-380,16+ACI-,+ACI-+AC0-1,47+ACI-
Microsoft,MSFT,11/03/2025,+ACI-379,00+ACI-,+ACI-380,45+ACI-,+ACI-0,38+ACI-
Microsoft,MSFT,12/03/2025,+ACI-382,95+ACI-,+ACI-383,27+ACI-,+ACI-0,08+ACI-
Microsoft,MSFT,13/03/2025,+ACI-383,16+ACI-,+ACI-378,77+ACI-,+ACI-+AC0-1,15+ACI-
Microsoft,MSFT,14/03/2025,+ACI-379,78+ACI-,+ACI-388,56+ACI-,+ACI-2,31+ACI-
Microsoft,MSFT,17/03/2025,+ACI-386,70+ACI-,+ACI-388,70+ACI-,+ACI-0,52+ACI-
Microsoft,MSFT,18/03/2025,+ACI-387,07+ACI-,+ACI-383,52+ACI-,+ACI-+AC0-0,92+ACI-
Microsoft,MSFT,19/03/2025,+ACI-385,53+ACI-,+ACI-387,82+ACI-,+ACI-0,59+ACI-
Microsoft,MSFT,20/03/2025,+ACI-385,74+ACI-,+ACI-386,84+ACI-,+ACI-0,29+ACI-
Microsoft,MSFT,21/03/2025,+ACI-383,22+ACI-,+ACI-391,26+ACI-,+ACI-2,10+ACI-
Microsoft,MSFT,24/03/2025,+ACI-395,40+ACI-,+ACI-393,08+ACI-,+ACI-+AC0-0,59+ACI-
Microsoft,MSFT,25/03/2025,+ACI-393,92+ACI-,+ACI-395,16+ACI-,+ACI-0,31+ACI-
Microsoft,MSFT,26/03/2025,+ACI-395,00+ACI-,+ACI-389,97+ACI-,+ACI-+AC0-1,27+ACI-
Microsoft,MSFT,27/03/2025,+ACI-390,13+ACI-,+ACI-390,58+ACI-,+ACI-0,12+ACI-
Microsoft,MSFT,28/03/2025,+ACI-388,08+ACI-,+ACI-378,80+ACI-,+ACI-+AC0-2,39+ACI-
Microsoft,MSFT,31/03/2025,+ACI-372,54+ACI-,+ACI-375,39+ACI-,+ACI-0,77+ACI-
Microsoft,MSFT,01/04/2025,+ACI-374,65+ACI-,+ACI-382,19+ACI-,+ACI-2,01+ACI-
Microsoft,MSFT,02/04/2025,+ACI-377,97+ACI-,+ACI-382,14+ACI-,+ACI-1,10+ACI-
Microsoft,MSFT,03/04/2025,+ACI-374,79+ACI-,+ACI-373,11+ACI-,+ACI-+AC0-0,45+ACI-
Microsoft,MSFT,04/04/2025,+ACI-364,13+ACI-,+ACI-359,84+ACI-,+ACI-+AC0-1,18+ACI-
Meta Platforms,META,02/01/2025,+ACI-589,72+ACI-,+ACI-599,24+ACI-,+ACI-1,61+ACI-
Meta Platforms,META,03/01/2025,+ACI-604,76+ACI-,+ACI-604,63+ACI-,+ACI-+AC0-0,02+ACI-
Meta Platforms,META,06/01/2025,+ACI-611,83+ACI-,+ACI-630,20+ACI-,+ACI-3,00+ACI-
Meta Platforms,META,07/01/2025,+ACI-631,70+ACI-,+ACI-617,89+ACI-,+ACI-+AC0-2,19+ACI-
Meta Platforms,META,08/01/2025,+ACI-613,40+ACI-,+ACI-610,72+ACI-,+ACI-+AC0-0,44+ACI-
Meta Platforms,META,10/01/2025,+ACI-610,03+ACI-,+ACI-615,86+ACI-,+ACI-0,96+ACI-
Meta Platforms,META,13/01/2025,+ACI-607,10+ACI-,+ACI-608,33+ACI-,+ACI-0,20+ACI-
Meta Platforms,META,14/01/2025,+ACI-605,07+ACI-,+ACI-594,25+ACI-,+ACI-+AC0-1,79+ACI-
Meta Platforms,META,15/01/2025,+ACI-610,21+ACI-,+ACI-617,12+ACI-,+ACI-1,13+ACI-
Meta Platforms,META,16/01/2025,+ACI-611,50+ACI-,+ACI-611,30+ACI-,+ACI-+AC0-0,03+ACI-
Meta Platforms,META,17/01/2025,+ACI-624,05+ACI-,+ACI-612,77+ACI-,+ACI-+AC0-1,81+ACI-
Meta Platforms,META,21/01/2025,+ACI-617,83+ACI-,+ACI-616,46+ACI-,+ACI-+AC0-0,22+ACI-
Meta Platforms,META,22/01/2025,+ACI-623,30+ACI-,+ACI-623,50+ACI-,+ACI-0,03+ACI-
Meta Platforms,META,23/01/2025,+ACI-627,36+ACI-,+ACI-636,45+ACI-,+ACI-1,45+ACI-
Meta Platforms,META,24/01/2025,+ACI-636,40+ACI-,+ACI-647,49+ACI-,+ACI-1,74+ACI-
Meta Platforms,META,27/01/2025,+ACI-626,61+ACI-,+ACI-659,88+ACI-,+ACI-5,31+ACI-
Meta Platforms,META,28/01/2025,+ACI-666,00+ACI-,+ACI-674,33+ACI-,+ACI-1,25+ACI-
Meta Platforms,META,29/01/2025,+ACI-675,00+ACI-,+ACI-676,49+ACI-,+ACI-0,22+ACI-
Meta Platforms,META,30/01/2025,+ACI-696,82+ACI-,+ACI-687,00+ACI-,+ACI-+AC0-1,41+ACI-
Meta Platforms,META,31/01/2025,+ACI-691,00+ACI-,+ACI-689,18+ACI-,+ACI-+AC0-0,26+ACI-
Meta Platforms,META,03/02/2025,+ACI-675,91+ACI-,+ACI-697,46+ACI-,+ACI-3,19+ACI-
Meta Platforms,META,04/02/2025,+ACI-702,50+ACI-,+ACI-704,19+ACI-,+ACI-0,24+ACI-
Meta Platforms,META,05/02/2025,+ACI-703,55+ACI-,+ACI-704,87+ACI-,+ACI-0,19+ACI-
Meta Platforms,META,06/02/2025,+ACI-705,88+ACI-,+ACI-711,99+ACI-,+ACI-0,87+ACI-
Meta Platforms,META,07/02/2025,+ACI-716,80+ACI-,+ACI-714,52+ACI-,+ACI-+AC0-0,32+ACI-
Meta Platforms,META,10/02/2025,+ACI-718,56+ACI-,+ACI-717,40+ACI-,+ACI-+AC0-0,16+ACI-
Meta Platforms,META,11/02/2025,+ACI-713,32+ACI-,+ACI-719,80+ACI-,+ACI-0,91+ACI-
Meta Platforms,META,12/02/2025,+ACI-715,30+ACI-,+ACI-725,38+ACI-,+ACI-1,41+ACI-
Meta Platforms,META,13/02/2025,+ACI-721,52+ACI-,+ACI-728,56+ACI-,+ACI-0,98+ACI-
Meta Platforms,META,14/02/2025,+ACI-726,14+ACI-,+ACI-736,67+ACI-,+ACI-1,45+ACI-
Meta Platforms,META,18/02/2025,+ACI-736,00+ACI-,+ACI-716,37+ACI-,+ACI-+AC0-2,67+ACI-
Meta Platforms,META,19/02/2025,+ACI-704,10+ACI-,+ACI-703,77+ACI-,+ACI-+AC0-0,05+ACI-
Meta Platforms,META,20/02/2025,+ACI-697,28+ACI-,+ACI-694,84+ACI-,+ACI-+AC0-0,35+ACI-
Meta Platforms,META,21/02/2025,+ACI-696,58+ACI-,+ACI-683,55+ACI-,+ACI-+AC0-1,87+ACI-
Meta Platforms,META,24/02/2025,+ACI-686,28+ACI-,+ACI-668,13+ACI-,+ACI-+AC0-2,64+ACI-
Meta Platforms,META,25/02/2025,+ACI-665,97+ACI-,+ACI-657,50+ACI-,+ACI-+AC0-1,27+ACI-
Meta Platforms,META,26/02/2025,+ACI-659,65+ACI-,+ACI-673,70+ACI-,+ACI-2,13+ACI-
Meta Platforms,META,27/02/2025,+ACI-682,45+ACI-,+ACI-658,24+ACI-,+ACI-+AC0-3,55+ACI-
Meta Platforms,META,28/02/2025,+ACI-658,04+ACI-,+ACI-668,20+ACI-,+ACI-1,54+ACI-
Meta Platforms,META,03/03/2025,+ACI-673,68+ACI-,+ACI-655,05+ACI-,+ACI-+AC0-2,77+ACI-
Meta Platforms,META,04/03/2025,+ACI-645,51+ACI-,+ACI-640,00+ACI-,+ACI-+AC0-0,85+ACI-
Meta Platforms,META,05/03/2025,+ACI-641,00+ACI-,+ACI-656,47+ACI-,+ACI-2,41+ACI-
Meta Platforms,META,06/03/2025,+ACI-648,00+ACI-,+ACI-627,93+ACI-,+ACI-+AC0-3,10+ACI-
Meta Platforms,META,07/03/2025,+ACI-625,37+ACI-,+ACI-625,66+ACI-,+ACI-0,05+ACI-
Meta Platforms,META,10/03/2025,+ACI-608,07+ACI-,+ACI-597,99+ACI-,+ACI-+AC0-1,66+ACI-
Meta Platforms,META,11/03/2025,+ACI-595,05+ACI-,+ACI-605,71+ACI-,+ACI-1,79+ACI-
Meta Platforms,META,12/03/2025,+ACI-629,90+ACI-,+ACI-619,56+ACI-,+ACI-+AC0-1,64+ACI-
Meta Platforms,META,13/03/2025,+ACI-620,25+ACI-,+ACI-590,64+ACI-,+ACI-+AC0-4,77+ACI-
Meta Platforms,META,14/03/2025,+ACI-602,80+ACI-,+ACI-607,60+ACI-,+ACI-0,80+ACI-
Meta Platforms,META,17/03/2025,+ACI-607,46+ACI-,+ACI-604,90+ACI-,+ACI-+AC0-0,42+ACI-
Meta Platforms,META,18/03/2025,+ACI-600,05+ACI-,+ACI-582,36+ACI-,+ACI-+AC0-2,95+ACI-
Meta Platforms,META,19/03/2025,+ACI-584,28+ACI-,+ACI-584,06+ACI-,+ACI-+AC0-0,04+ACI-
Meta Platforms,META,20/03/2025,+ACI-582,76+ACI-,+ACI-586,00+ACI-,+ACI-0,56+ACI-
Meta Platforms,META,21/03/2025,+ACI-583,42+ACI-,+ACI-596,25+ACI-,+ACI-2,20+ACI-
Meta Platforms,META,24/03/2025,+ACI-614,97+ACI-,+ACI-618,85+ACI-,+ACI-0,63+ACI-
Meta Platforms,META,25/03/2025,+ACI-626,76+ACI-,+ACI-626,31+ACI-,+ACI-+AC0-0,07+ACI-
Meta Platforms,META,26/03/2025,+ACI-624,89+ACI-,+ACI-610,98+ACI-,+ACI-+AC0-2,23+ACI-
Meta Platforms,META,27/03/2025,+ACI-602,00+ACI-,+ACI-602,58+ACI-,+ACI-0,10+ACI-
Meta Platforms,META,28/03/2025,+ACI-600,31+ACI-,+ACI-576,74+ACI-,+ACI-+AC0-3,93+ACI-
Meta Platforms,META,31/03/2025,+ACI-563,50+ACI-,+ACI-576,36+ACI-,+ACI-2,28+ACI-
Meta Platforms,META,01/04/2025,+ACI-570,84+ACI-,+ACI-586,00+ACI-,+ACI-2,66+ACI-
Meta Platforms,META,02/04/2025,+ACI-574,91+ACI-,+ACI-583,93+ACI-,+ACI-1,57+ACI-
Meta Platforms,META,03/04/2025,+ACI-546,22+ACI-,+ACI-531,62+ACI-,+ACI-+AC0-2,67+ACI-
Meta Platforms,META,04/04/2025,+ACI-506,62+ACI-,+ACI-504,73+ACI-,+ACI-+AC0-0,37+ACI-
NVIDIA,NVDA,02/01/2025,+ACI-136,00+ACI-,+ACI-138,31+ACI-,+ACI-1,70+ACI-
NVIDIA,NVDA,03/01/2025,+ACI-140,01+ACI-,+ACI-144,47+ACI-,+ACI-3,19+ACI-
NVIDIA,NVDA,06/01/2025,+ACI-148,59+ACI-,+ACI-149,43+ACI-,+ACI-0,57+ACI-
NVIDIA,NVDA,07/01/2025,+ACI-153,03+ACI-,+ACI-140,14+ACI-,+ACI-+AC0-8,42+ACI-
NVIDIA,NVDA,08/01/2025,+ACI-142,58+ACI-,+ACI-140,11+ACI-,+ACI-+AC0-1,73+ACI-
NVIDIA,NVDA,10/01/2025,+ACI-137,45+ACI-,+ACI-135,91+ACI-,+ACI-+AC0-1,12+ACI-
NVIDIA,NVDA,13/01/2025,+ACI-129,99+ACI-,+ACI-133,23+ACI-,+ACI-2,49+ACI-
NVIDIA,NVDA,14/01/2025,+ACI-136,05+ACI-,+ACI-131,76+ACI-,+ACI-+AC0-3,15+ACI-
NVIDIA,NVDA,15/01/2025,+ACI-133,65+ACI-,+ACI-136,24+ACI-,+ACI-1,94+ACI-
NVIDIA,NVDA,16/01/2025,+ACI-138,64+ACI-,+ACI-133,57+ACI-,+ACI-+AC0-3,66+ACI-
NVIDIA,NVDA,17/01/2025,+ACI-136,69+ACI-,+ACI-137,71+ACI-,+ACI-0,75+ACI-
NVIDIA,NVDA,21/01/2025,+ACI-139,16+ACI-,+ACI-140,83+ACI-,+ACI-1,20+ACI-
NVIDIA,NVDA,22/01/2025,+ACI-144,66+ACI-,+ACI-147,07+ACI-,+ACI-1,67+ACI-
NVIDIA,NVDA,23/01/2025,+ACI-145,05+ACI-,+ACI-147,22+ACI-,+ACI-1,50+ACI-
NVIDIA,NVDA,24/01/2025,+ACI-148,37+ACI-,+ACI-142,62+ACI-,+ACI-+AC0-3,88+ACI-
NVIDIA,NVDA,27/01/2025,+ACI-124,80+ACI-,+ACI-118,42+ACI-,+ACI-+AC0-5,11+ACI-
NVIDIA,NVDA,28/01/2025,+ACI-121,81+ACI-,+ACI-128,99+ACI-,+ACI-5,89+ACI-
NVIDIA,NVDA,29/01/2025,+ACI-126,50+ACI-,+ACI-123,70+ACI-,+ACI-+AC0-2,21+ACI-
NVIDIA,NVDA,30/01/2025,+ACI-123,10+ACI-,+ACI-124,65+ACI-,+ACI-1,26+ACI-
NVIDIA,NVDA,31/01/2025,+ACI-123,78+ACI-,+ACI-120,07+ACI-,+ACI-+AC0-3,00+ACI-
NVIDIA,NVDA,03/02/2025,+ACI-114,75+ACI-,+ACI-116,66+ACI-,+ACI-1,66+ACI-
NVIDIA,NVDA,04/02/2025,+ACI-116,96+ACI-,+ACI-118,65+ACI-,+ACI-1,44+ACI-
NVIDIA,NVDA,05/02/2025,+ACI-121,76+ACI-,+ACI-124,83+ACI-,+ACI-2,52+ACI-
NVIDIA,NVDA,06/02/2025,+ACI-127,42+ACI-,+ACI-128,68+ACI-,+ACI-0,99+ACI-
NVIDIA,NVDA,07/02/2025,+ACI-129,22+ACI-,+ACI-129,84+ACI-,+ACI-0,48+ACI-
NVIDIA,NVDA,10/02/2025,+ACI-130,09+ACI-,+ACI-133,57+ACI-,+ACI-2,68+ACI-
NVIDIA,NVDA,11/02/2025,+ACI-132,58+ACI-,+ACI-132,80+ACI-,+ACI-0,17+ACI-
NVIDIA,NVDA,12/02/2025,+ACI-130,02+ACI-,+ACI-131,14+ACI-,+ACI-0,86+ACI-
NVIDIA,NVDA,13/02/2025,+ACI-131,56+ACI-,+ACI-135,29+ACI-,+ACI-2,84+ACI-
NVIDIA,NVDA,14/02/2025,+ACI-136,48+ACI-,+ACI-138,85+ACI-,+ACI-1,74+ACI-
NVIDIA,NVDA,18/02/2025,+ACI-141,27+ACI-,+ACI-139,40+ACI-,+ACI-+AC0-1,32+ACI-
NVIDIA,NVDA,19/02/2025,+ACI-139,51+ACI-,+ACI-139,23+ACI-,+ACI-+AC0-0,20+ACI-
NVIDIA,NVDA,20/02/2025,+ACI-140,03+ACI-,+ACI-140,11+ACI-,+ACI-0,06+ACI-
NVIDIA,NVDA,21/02/2025,+ACI-140,04+ACI-,+ACI-134,43+ACI-,+ACI-+AC0-4,01+ACI-
NVIDIA,NVDA,24/02/2025,+ACI-136,56+ACI-,+ACI-130,28+ACI-,+ACI-+AC0-4,60+ACI-
NVIDIA,NVDA,25/02/2025,+ACI-129,98+ACI-,+ACI-126,63+ACI-,+ACI-+AC0-2,58+ACI-
NVIDIA,NVDA,26/02/2025,+ACI-129,99+ACI-,+ACI-131,28+ACI-,+ACI-0,99+ACI-
NVIDIA,NVDA,27/02/2025,+ACI-135,00+ACI-,+ACI-120,15+ACI-,+ACI-+AC0-11,00+ACI-
NVIDIA,NVDA,28/02/2025,+ACI-118,02+ACI-,+ACI-124,92+ACI-,+ACI-5,85+ACI-
NVIDIA,NVDA,03/03/2025,+ACI-123,51+ACI-,+ACI-114,06+ACI-,+ACI-+AC0-7,65+ACI-
NVIDIA,NVDA,04/03/2025,+ACI-110,65+ACI-,+ACI-115,99+ACI-,+ACI-4,83+ACI-
NVIDIA,NVDA,05/03/2025,+ACI-117,58+ACI-,+ACI-117,30+ACI-,+ACI-+AC0-0,24+ACI-
NVIDIA,NVDA,06/03/2025,+ACI-113,53+ACI-,+ACI-110,57+ACI-,+ACI-+AC0-2,61+ACI-
NVIDIA,NVDA,07/03/2025,+ACI-111,25+ACI-,+ACI-112,69+ACI-,+ACI-1,29+ACI-
NVIDIA,NVDA,10/03/2025,+ACI-109,90+ACI-,+ACI-106,98+ACI-,+ACI-+AC0-2,66+ACI-
NVIDIA,NVDA,11/03/2025,+ACI-106,99+ACI-,+ACI-108,76+ACI-,+ACI-1,65+ACI-
NVIDIA,NVDA,12/03/2025,+ACI-114,12+ACI-,+ACI-115,74+ACI-,+ACI-1,42+ACI-
NVIDIA,NVDA,13/03/2025,+ACI-117,03+ACI-,+ACI-115,58+ACI-,+ACI-+AC0-1,24+ACI-
NVIDIA,NVDA,14/03/2025,+ACI-118,61+ACI-,+ACI-121,67+ACI-,+ACI-2,58+ACI-
NVIDIA,NVDA,17/03/2025,+ACI-122,74+ACI-,+ACI-119,53+ACI-,+ACI-+AC0-2,62+ACI-
NVIDIA,NVDA,18/03/2025,+ACI-118,00+ACI-,+ACI-115,43+ACI-,+ACI-+AC0-2,18+ACI-
NVIDIA,NVDA,19/03/2025,+ACI-117,27+ACI-,+ACI-117,52+ACI-,+ACI-0,21+ACI-
NVIDIA,NVDA,20/03/2025,+ACI-116,55+ACI-,+ACI-118,53+ACI-,+ACI-1,70+ACI-
NVIDIA,NVDA,21/03/2025,+ACI-116,94+ACI-,+ACI-117,70+ACI-,+ACI-0,65+ACI-
NVIDIA,NVDA,24/03/2025,+ACI-119,88+ACI-,+ACI-121,41+ACI-,+ACI-1,28+ACI-
NVIDIA,NVDA,25/03/2025,+ACI-120,55+ACI-,+ACI-120,69+ACI-,+ACI-0,12+ACI-
NVIDIA,NVDA,26/03/2025,+ACI-118,73+ACI-,+ACI-113,76+ACI-,+ACI-+AC0-4,19+ACI-
NVIDIA,NVDA,27/03/2025,+ACI-111,35+ACI-,+ACI-111,43+ACI-,+ACI-0,07+ACI-
NVIDIA,NVDA,28/03/2025,+ACI-111,49+ACI-,+ACI-109,67+ACI-,+ACI-+AC0-1,63+ACI-
NVIDIA,NVDA,31/03/2025,+ACI-105,13+ACI-,+ACI-108,38+ACI-,+ACI-3,09+ACI-
NVIDIA,NVDA,01/04/2025,+ACI-108,52+ACI-,+ACI-110,15+ACI-,+ACI-1,50+ACI-
NVIDIA,NVDA,02/04/2025,+ACI-107,29+ACI-,+ACI-110,42+ACI-,+ACI-2,92+ACI-
NVIDIA,NVDA,03/04/2025,+ACI-103,51+ACI-,+ACI-101,80+ACI-,+ACI-+AC0-1,65+ACI-
NVIDIA,NVDA,04/04/2025,+ACI-98,91+ACI-,+ACI-94,31+ACI-,+ACI-+AC0-4,65+ACI-
Alphabet (Google),GOOGL,02/01/2025,+ACI-190,65+ACI-,+ACI-189,43+ACI-,+ACI-+AC0-0,64+ACI-
Alphabet (Google),GOOGL,03/01/2025,+ACI-191,37+ACI-,+ACI-191,79+ACI-,+ACI-0,22+ACI-
Alphabet (Google),GOOGL,06/01/2025,+ACI-193,98+ACI-,+ACI-196,87+ACI-,+ACI-1,49+ACI-
Alphabet (Google),GOOGL,07/01/2025,+ACI-197,11+ACI-,+ACI-195,49+ACI-,+ACI-+AC0-0,82+ACI-
Alphabet (Google),GOOGL,08/01/2025,+ACI-192,57+ACI-,+ACI-193,95+ACI-,+ACI-0,72+ACI-
Alphabet (Google),GOOGL,10/01/2025,+ACI-194,30+ACI-,+ACI-192,04+ACI-,+ACI-+AC0-1,16+ACI-
Alphabet (Google),GOOGL,13/01/2025,+ACI-190,07+ACI-,+ACI-191,01+ACI-,+ACI-0,49+ACI-
Alphabet (Google),GOOGL,14/01/2025,+ACI-191,24+ACI-,+ACI-189,66+ACI-,+ACI-+AC0-0,83+ACI-
Alphabet (Google),GOOGL,15/01/2025,+ACI-193,09+ACI-,+ACI-195,55+ACI-,+ACI-1,27+ACI-
Alphabet (Google),GOOGL,16/01/2025,+ACI-194,14+ACI-,+ACI-192,91+ACI-,+ACI-+AC0-0,63+ACI-
Alphabet (Google),GOOGL,17/01/2025,+ACI-196,53+ACI-,+ACI-196,00+ACI-,+ACI-+AC0-0,27+ACI-
Alphabet (Google),GOOGL,21/01/2025,+ACI-199,07+ACI-,+ACI-198,05+ACI-,+ACI-+AC0-0,51+ACI-
Alphabet (Google),GOOGL,22/01/2025,+ACI-199,06+ACI-,+ACI-198,37+ACI-,+ACI-+AC0-0,35+ACI-
Alphabet (Google),GOOGL,23/01/2025,+ACI-198,14+ACI-,+ACI-197,98+ACI-,+ACI-+AC0-0,08+ACI-
Alphabet (Google),GOOGL,24/01/2025,+ACI-198,10+ACI-,+ACI-200,21+ACI-,+ACI-1,07+ACI-
Alphabet (Google),GOOGL,27/01/2025,+ACI-192,41+ACI-,+ACI-191,81+ACI-,+ACI-+AC0-0,31+ACI-
Alphabet (Google),GOOGL,28/01/2025,+ACI-192,75+ACI-,+ACI-195,30+ACI-,+ACI-1,32+ACI-
Alphabet (Google),GOOGL,29/01/2025,+ACI-195,56+ACI-,+ACI-195,41+ACI-,+ACI-+AC0-0,08+ACI-
Alphabet (Google),GOOGL,30/01/2025,+ACI-198,00+ACI-,+ACI-200,87+ACI-,+ACI-1,45+ACI-
Alphabet (Google),GOOGL,31/01/2025,+ACI-202,00+ACI-,+ACI-204,02+ACI-,+ACI-1,00+ACI-
Alphabet (Google),GOOGL,03/02/2025,+ACI-200,69+ACI-,+ACI-201,23+ACI-,+ACI-0,27+ACI-
Alphabet (Google),GOOGL,04/02/2025,+ACI-203,39+ACI-,+ACI-206,38+ACI-,+ACI-1,47+ACI-
Alphabet (Google),GOOGL,05/02/2025,+ACI-191,07+ACI-,+ACI-191,33+ACI-,+ACI-0,14+ACI-
Alphabet (Google),GOOGL,06/02/2025,+ACI-189,50+ACI-,+ACI-191,60+ACI-,+ACI-1,11+ACI-
Alphabet (Google),GOOGL,07/02/2025,+ACI-191,05+ACI-,+ACI-185,34+ACI-,+ACI-+AC0-2,99+ACI-
Alphabet (Google),GOOGL,10/02/2025,+ACI-187,35+ACI-,+ACI-186,47+ACI-,+ACI-+AC0-0,47+ACI-
Alphabet (Google),GOOGL,11/02/2025,+ACI-185,03+ACI-,+ACI-185,32+ACI-,+ACI-0,16+ACI-
Alphabet (Google),GOOGL,12/02/2025,+ACI-183,22+ACI-,+ACI-183,61+ACI-,+ACI-0,21+ACI-
Alphabet (Google),GOOGL,13/02/2025,+ACI-184,32+ACI-,+ACI-186,14+ACI-,+ACI-0,99+ACI-
Alphabet (Google),GOOGL,14/02/2025,+ACI-185,06+ACI-,+ACI-185,23+ACI-,+ACI-0,09+ACI-
Alphabet (Google),GOOGL,18/02/2025,+ACI-185,60+ACI-,+ACI-183,77+ACI-,+ACI-+AC0-0,99+ACI-
Alphabet (Google),GOOGL,19/02/2025,+ACI-184,07+ACI-,+ACI-185,27+ACI-,+ACI-0,65+ACI-
Alphabet (Google),GOOGL,20/02/2025,+ACI-184,80+ACI-,+ACI-184,56+ACI-,+ACI-+AC0-0,13+ACI-
Alphabet (Google),GOOGL,21/02/2025,+ACI-185,15+ACI-,+ACI-179,66+ACI-,+ACI-+AC0-2,97+ACI-
Alphabet (Google),GOOGL,24/02/2025,+ACI-181,99+ACI-,+ACI-179,25+ACI-,+ACI-+AC0-1,51+ACI-
Alphabet (Google),GOOGL,25/02/2025,+ACI-178,04+ACI-,+ACI-175,42+ACI-,+ACI-+AC0-1,47+ACI-
Alphabet (Google),GOOGL,26/02/2025,+ACI-175,07+ACI-,+ACI-172,73+ACI-,+ACI-+AC0-1,34+ACI-
Alphabet (Google),GOOGL,27/02/2025,+ACI-173,99+ACI-,+ACI-168,50+ACI-,+ACI-+AC0-3,16+ACI-
Alphabet (Google),GOOGL,28/02/2025,+ACI-168,68+ACI-,+ACI-170,28+ACI-,+ACI-0,95+ACI-
Alphabet (Google),GOOGL,03/03/2025,+ACI-171,93+ACI-,+ACI-167,01+ACI-,+ACI-+AC0-2,86+ACI-
Alphabet (Google),GOOGL,04/03/2025,+ACI-166,24+ACI-,+ACI-170,92+ACI-,+ACI-2,82+ACI-
Alphabet (Google),GOOGL,05/03/2025,+ACI-170,52+ACI-,+ACI-173,02+ACI-,+ACI-1,47+ACI-
Alphabet (Google),GOOGL,06/03/2025,+ACI-170,53+ACI-,+ACI-172,35+ACI-,+ACI-1,07+ACI-
Alphabet (Google),GOOGL,07/03/2025,+ACI-171,26+ACI-,+ACI-173,86+ACI-,+ACI-1,52+ACI-
Alphabet (Google),GOOGL,10/03/2025,+ACI-168,26+ACI-,+ACI-165,87+ACI-,+ACI-+AC0-1,42+ACI-
Alphabet (Google),GOOGL,11/03/2025,+ACI-164,91+ACI-,+ACI-164,04+ACI-,+ACI-+AC0-0,53+ACI-
Alphabet (Google),GOOGL,12/03/2025,+ACI-166,58+ACI-,+ACI-167,11+ACI-,+ACI-0,32+ACI-
Alphabet (Google),GOOGL,13/03/2025,+ACI-166,04+ACI-,+ACI-162,76+ACI-,+ACI-+AC0-1,98+ACI-
Alphabet (Google),GOOGL,14/03/2025,+ACI-163,27+ACI-,+ACI-165,49+ACI-,+ACI-1,36+ACI-
Alphabet (Google),GOOGL,17/03/2025,+ACI-165,03+ACI-,+ACI-164,29+ACI-,+ACI-+AC0-0,45+ACI-
Alphabet (Google),GOOGL,18/03/2025,+ACI-163,68+ACI-,+ACI-160,67+ACI-,+ACI-+AC0-1,84+ACI-
Alphabet (Google),GOOGL,19/03/2025,+ACI-161,76+ACI-,+ACI-163,89+ACI-,+ACI-1,32+ACI-
Alphabet (Google),GOOGL,20/03/2025,+ACI-161,57+ACI-,+ACI-162,80+ACI-,+ACI-0,76+ACI-
Alphabet (Google),GOOGL,21/03/2025,+ACI-161,21+ACI-,+ACI-163,99+ACI-,+ACI-1,72+ACI-
Alphabet (Google),GOOGL,24/03/2025,+ACI-167,07+ACI-,+ACI-167,68+ACI-,+ACI-0,37+ACI-
Alphabet (Google),GOOGL,25/03/2025,+ACI-168,98+ACI-,+ACI-170,56+ACI-,+ACI-0,94+ACI-
Alphabet (Google),GOOGL,26/03/2025,+ACI-169,00+ACI-,+ACI-165,06+ACI-,+ACI-+AC0-2,33+ACI-
Alphabet (Google),GOOGL,27/03/2025,+ACI-164,63+ACI-,+ACI-162,24+ACI-,+ACI-+AC0-1,45+ACI-
Alphabet (Google),GOOGL,28/03/2025,+ACI-160,49+ACI-,+ACI-154,33+ACI-,+ACI-+AC0-3,84+ACI-
Alphabet (Google),GOOGL,31/03/2025,+ACI-153,11+ACI-,+ACI-154,64+ACI-,+ACI-1,00+ACI-
Alphabet (Google),GOOGL,01/04/2025,+ACI-153,62+ACI-,+ACI-157,07+ACI-,+ACI-2,25+ACI-
Alphabet (Google),GOOGL,02/04/2025,+ACI-155,15+ACI-,+ACI-157,04+ACI-,+ACI-1,22+ACI-
Alphabet (Google),GOOGL,03/04/2025,+ACI-151,11+ACI-,+ACI-150,72+ACI-,+ACI-+AC0-0,26+ACI-
Alphabet (Google),GOOGL,04/04/2025,+ACI-148,01+ACI-,+ACI-145,60+ACI-,+ACI-+AC0-1,63+ACI-
Tesla,TSLA,02/01/2025,+ACI-390,10+ACI-,+ACI-379,28+ACI-,+ACI-+AC0-2,77+ACI-
Tesla,TSLA,03/01/2025,+ACI-381,48+ACI-,+ACI-410,44+ACI-,+ACI-7,59+ACI-
Tesla,TSLA,06/01/2025,+ACI-423,20+ACI-,+ACI-411,05+ACI-,+ACI-+AC0-2,87+ACI-
Tesla,TSLA,07/01/2025,+ACI-405,83+ACI-,+ACI-394,36+ACI-,+ACI-+AC0-2,83+ACI-
Tesla,TSLA,08/01/2025,+ACI-392,95+ACI-,+ACI-394,94+ACI-,+ACI-0,51+ACI-
Tesla,TSLA,10/01/2025,+ACI-391,40+ACI-,+ACI-394,74+ACI-,+ACI-0,85+ACI-
Tesla,TSLA,13/01/2025,+ACI-383,21+ACI-,+ACI-403,31+ACI-,+ACI-5,25+ACI-
Tesla,TSLA,14/01/2025,+ACI-414,34+ACI-,+ACI-396,36+ACI-,+ACI-+AC0-4,34+ACI-
Tesla,TSLA,15/01/2025,+ACI-409,90+ACI-,+ACI-428,22+ACI-,+ACI-4,47+ACI-
Tesla,TSLA,16/01/2025,+ACI-423,49+ACI-,+ACI-413,82+ACI-,+ACI-+AC0-2,28+ACI-
Tesla,TSLA,17/01/2025,+ACI-421,50+ACI-,+ACI-426,50+ACI-,+ACI-1,19+ACI-
Tesla,TSLA,21/01/2025,+ACI-432,64+ACI-,+ACI-424,07+ACI-,+ACI-+AC0-1,98+ACI-
Tesla,TSLA,22/01/2025,+ACI-416,81+ACI-,+ACI-415,11+ACI-,+ACI-+AC0-0,41+ACI-
Tesla,TSLA,23/01/2025,+ACI-416,06+ACI-,+ACI-412,38+ACI-,+ACI-+AC0-0,88+ACI-
Tesla,TSLA,24/01/2025,+ACI-414,45+ACI-,+ACI-406,58+ACI-,+ACI-+AC0-1,90+ACI-
Tesla,TSLA,27/01/2025,+ACI-394,80+ACI-,+ACI-397,15+ACI-,+ACI-0,60+ACI-
Tesla,TSLA,28/01/2025,+ACI-396,91+ACI-,+ACI-398,09+ACI-,+ACI-0,30+ACI-
Tesla,TSLA,29/01/2025,+ACI-395,21+ACI-,+ACI-389,10+ACI-,+ACI-+AC0-1,55+ACI-
Tesla,TSLA,30/01/2025,+ACI-410,78+ACI-,+ACI-400,28+ACI-,+ACI-+AC0-2,56+ACI-
Tesla,TSLA,31/01/2025,+ACI-401,53+ACI-,+ACI-404,60+ACI-,+ACI-0,76+ACI-
Tesla,TSLA,03/02/2025,+ACI-386,68+ACI-,+ACI-383,68+ACI-,+ACI-+AC0-0,78+ACI-
Tesla,TSLA,04/02/2025,+ACI-382,63+ACI-,+ACI-392,21+ACI-,+ACI-2,50+ACI-
Tesla,TSLA,05/02/2025,+ACI-387,51+ACI-,+ACI-378,17+ACI-,+ACI-+AC0-2,41+ACI-
Tesla,TSLA,06/02/2025,+ACI-373,03+ACI-,+ACI-374,32+ACI-,+ACI-0,35+ACI-
Tesla,TSLA,07/02/2025,+ACI-370,19+ACI-,+ACI-361,62+ACI-,+ACI-+AC0-2,32+ACI-
Tesla,TSLA,10/02/2025,+ACI-356,21+ACI-,+ACI-350,73+ACI-,+ACI-+AC0-1,54+ACI-
Tesla,TSLA,11/02/2025,+ACI-345,80+ACI-,+ACI-328,50+ACI-,+ACI-+AC0-5,00+ACI-
Tesla,TSLA,12/02/2025,+ACI-329,94+ACI-,+ACI-336,51+ACI-,+ACI-1,99+ACI-
Tesla,TSLA,13/02/2025,+ACI-345,00+ACI-,+ACI-355,94+ACI-,+ACI-3,17+ACI-
Tesla,TSLA,14/02/2025,+ACI-360,62+ACI-,+ACI-355,84+ACI-,+ACI-+AC0-1,33+ACI-
Tesla,TSLA,18/02/2025,+ACI-355,01+ACI-,+ACI-354,11+ACI-,+ACI-+AC0-0,25+ACI-
Tesla,TSLA,19/02/2025,+ACI-354,00+ACI-,+ACI-360,56+ACI-,+ACI-1,85+ACI-
Tesla,TSLA,20/02/2025,+ACI-361,51+ACI-,+ACI-354,40+ACI-,+ACI-+AC0-1,97+ACI-
Tesla,TSLA,21/02/2025,+ACI-353,44+ACI-,+ACI-337,80+ACI-,+ACI-+AC0-4,43+ACI-
Tesla,TSLA,24/02/2025,+ACI-338,14+ACI-,+ACI-330,53+ACI-,+ACI-+AC0-2,25+ACI-
Tesla,TSLA,25/02/2025,+ACI-327,02+ACI-,+ACI-302,80+ACI-,+ACI-+AC0-7,41+ACI-
Tesla,TSLA,26/02/2025,+ACI-303,71+ACI-,+ACI-290,80+ACI-,+ACI-+AC0-4,25+ACI-
Tesla,TSLA,27/02/2025,+ACI-291,16+ACI-,+ACI-281,95+ACI-,+ACI-+AC0-3,16+ACI-
Tesla,TSLA,28/02/2025,+ACI-279,50+ACI-,+ACI-292,98+ACI-,+ACI-4,82+ACI-
Tesla,TSLA,03/03/2025,+ACI-300,34+ACI-,+ACI-284,65+ACI-,+ACI-+AC0-5,22+ACI-
Tesla,TSLA,04/03/2025,+ACI-270,93+ACI-,+ACI-272,04+ACI-,+ACI-0,41+ACI-
Tesla,TSLA,05/03/2025,+ACI-272,92+ACI-,+ACI-279,10+ACI-,+ACI-2,26+ACI-
Tesla,TSLA,06/03/2025,+ACI-272,06+ACI-,+ACI-263,45+ACI-,+ACI-+AC0-3,16+ACI-
Tesla,TSLA,07/03/2025,+ACI-259,32+ACI-,+ACI-262,67+ACI-,+ACI-1,29+ACI-
Tesla,TSLA,10/03/2025,+ACI-252,54+ACI-,+ACI-222,15+ACI-,+ACI-+AC0-12,03+ACI-
Tesla,TSLA,11/03/2025,+ACI-225,31+ACI-,+ACI-230,58+ACI-,+ACI-2,34+ACI-
Tesla,TSLA,12/03/2025,+ACI-247,22+ACI-,+ACI-248,09+ACI-,+ACI-0,35+ACI-
Tesla,TSLA,13/03/2025,+ACI-248,13+ACI-,+ACI-240,68+ACI-,+ACI-+AC0-3,00+ACI-
Tesla,TSLA,14/03/2025,+ACI-247,31+ACI-,+ACI-249,98+ACI-,+ACI-1,08+ACI-
Tesla,TSLA,17/03/2025,+ACI-245,06+ACI-,+ACI-238,01+ACI-,+ACI-+AC0-2,88+ACI-
Tesla,TSLA,18/03/2025,+ACI-228,16+ACI-,+ACI-225,31+ACI-,+ACI-+AC0-1,25+ACI-
Tesla,TSLA,19/03/2025,+ACI-231,61+ACI-,+ACI-235,86+ACI-,+ACI-1,83+ACI-
Tesla,TSLA,20/03/2025,+ACI-233,35+ACI-,+ACI-236,26+ACI-,+ACI-1,25+ACI-
Tesla,TSLA,21/03/2025,+ACI-234,99+ACI-,+ACI-248,71+ACI-,+ACI-5,84+ACI-
Tesla,TSLA,24/03/2025,+ACI-258,08+ACI-,+ACI-278,39+ACI-,+ACI-7,87+ACI-
Tesla,TSLA,25/03/2025,+ACI-283,60+ACI-,+ACI-288,14+ACI-,+ACI-1,60+ACI-
Tesla,TSLA,26/03/2025,+ACI-282,66+ACI-,+ACI-272,06+ACI-,+ACI-+AC0-3,75+ACI-
Tesla,TSLA,27/03/2025,+ACI-272,48+ACI-,+ACI-273,13+ACI-,+ACI-0,24+ACI-
Tesla,TSLA,28/03/2025,+ACI-275,58+ACI-,+ACI-263,55+ACI-,+ACI-+AC0-4,37+ACI-
Tesla,TSLA,31/03/2025,+ACI-249,31+ACI-,+ACI-259,16+ACI-,+ACI-3,95+ACI-
Tesla,TSLA,01/04/2025,+ACI-263,80+ACI-,+ACI-268,46+ACI-,+ACI-1,77+ACI-
Tesla,TSLA,02/04/2025,+ACI-254,60+ACI-,+ACI-282,76+ACI-,+ACI-11,06+ACI-
Tesla,TSLA,03/04/2025,+ACI-265,29+ACI-,+ACI-267,28+ACI-,+ACI-0,75+ACI-
Tesla,TSLA,04/04/2025,+ACI-255,38+ACI-,+ACI-239,43+ACI-,+ACI-+AC0-6,25+ACI-
